Token_1,Token_2,Token_3,Token_4,Token_5,Token_6,Token_7,Token_8,Token_9,Token_10,Token_11,Token_12,Token_13,Token_14,Token_15,Token_16,Token_17,Token_18,Token_19,Token_20,Token_21,Token_22,Token_23,Token_24,Token_25,Token_26,Token_27,Token_28,Token_29,Token_30,Token_31,Token_32,Token_33,Token_34,Token_35,Token_36,Token_37,Token_38,Token_39,Token_40,Token_41,Token_42,Token_43,Token_44,Token_45,Token_46,Token_47,Token_48,Token_49,Token_50,Token_51,Token_52,Token_53
ဘုန်းတော်ကြီး,ရဲ့,အလောင်း,ကို,ကံကြီးတောရွာ,က,နေရွှေဘို,မြို့,ကို,ဖေဖော်ဝါရီ,၁၅,ရက်,က,သယ်ယူသွား,ပြီး,ရွှေဘိုမြို့,က,နေ,မှ,ပြင်ဦးလွင်မြို့,ကို,ထပ်သယ်သွားတယ်,လို့,ဒေသခံတွေ,က,ပြောပါတယ်,။,,,,,,,,,,,,,,,,,,,,,,,,,,
ကြိုတင်မမျှော်မှန်းနိုင်,တဲ့,သဘာဝဘေးအန္တရာယ်,ကာကွယ်ရေး,၊,နေရပ်စွန့်ခွာပြည်သူ,တွေ,ရဲ့,စားဝတ်နေရေး,နဲ့,အုပ်ချုပ်မှုဆိုင်ရာ,ကိစ္စတွေအတွက်,အရေးပေါ်ရန်ပုံငွေ,ကို,ငွေကျပ်ဘီလီယံ,၂၀၀,ကို,အဲဒီအစည်းအဝေး,မှာ,ခွင့်ပြုခဲ့ပါတယ်,။,,,,,,,,,,,,,,,,,,,,,,,,,,,,,,,,
ရတနာပုံ,နေပြည်တော်,သတင်းစာ,ကို,၁၈၇၃,မှာ,တည်ထောင်ထုတ်ဝေ,သလို,မန္တလေးနန်းမြို့ထဲမှာလည်း,ပုံနှိပ်စက်ထား,ပြီး,အောက်ပိုင်း,မြို့ကြီးတွေ,မှာ,လို,ပဲ,ဗုဒ္ဓစာပေကျမ်းဂန်တွေကို,ရိုက်နှိပ်ထုတ်ဝေစပြုလာပါတယ်,။,,,,,,,,,,,,,,,,,,,,,,,,,,,,,,,,,,
ထိုင်း,နိုင်ငံဘန်ကောက်မြို့မှာပြုလုပ်ခဲ့,တဲ့,ဘင်္ဂလားပင်လယ်အော်,စီးပွားရေး,နှင့်,နည်းပညာဆိုင်ရာဘက်စုံပူးပေါင်းဆောင်ရွက်ရေးအဖွဲ့အစည်း,BIMSTEC ,အစည်းအဝေး,နဲ့,ဆက်စပ်အစည်းအဝေး,မှာ,နှစ်နိုင်ငံ,ထိပ်ပိုင်းတာဝန်ရှိသူတွေတွေ့ခဲ့,ကြပြီး,နောက်အ,ခု,လိုထုတ်ပြောလာတာ,ပါ,။,,,,,,,,,,,,,,,,,,,,,,,,,,,,,,,,,
ဥပဒေအသက်ဝင်စအချိန်တုန်း,က,တော့စစ်မှုထမ်းသင်,တန်းတွေ,ကို,ချက်ချင်းမခေါ်ယူသေးဘူး,လို့,စစ်,ကောင်စီ,က,ပြောခဲ့ပါတယ်,။,,,,,,,,,,,,,,,,,,,,,,,,,,,,,,,,,,,,,,,,,
ရွာ,ရဲ့,အရှေ့,မြောက်,က,ပန်းစလဲ,တောင်ရှိပါတယ်,။,,,,,,,,,,,,,,,,,,,,,,,,,,,,,,,,,,,,,,,,,,,,,
ရှမ်းပြည်နယ်,တစ်ခု,လုံး,ကို,တာဝန်ယူရ,တဲ့,အမှတ်,၂,စစ်ဆင်ရေးအထူးအဖွဲ့မှူး,ဒုတိယဗိုလ်ချုပ်ကြီး,နိုင်နိုင်ဦးရှေ့တန်း,တစ်နေရာ,ကို,ရောက်နေ,တဲ့,ပုံတွေ,ကို,တပ်,ထောက်ခံသူ,တွေ,က,ထုတ်ပြန်ခဲ့ကြပါတယ်,။,,,,,,,,,,,,,,,,,,,,,,,,,,,,,,
တရားဝင်ဒုက္ခသည်ဖြစ်ဖို့,UNHCR ,ကထုတ်ပေး,တဲ့,ဒုက္ခသည်ကတ်ကို,စောင့်ကြရတာ,နှစ်,အတော်ကြာတယ်,။,,,,,,,,,,,,,,,,,,,,,,,,,,,,,,,,,,,,,,,,,,,,
အခုဖြစ်စဉ်,မှာ,အသုံးပြုခဲ့တယ်ဆို,တဲ့,MiG,29,ဘက်စုံ,သုံးတိုက်လေ,ယာဉ်တွေ,ကို,မှော်ဘီ,၊,မကွေး,နဲ့,တောင်ငူ,က,ဖြန့်ခွဲလေ,တပ်,စခန်း,တွေ,မှာ,အဓိ,က,ထားရှိတယ်,လို့,စစ်ဘက်ဆိုင်ရာလေ့လာရေးအဖွဲ့,တစ်ဖွဲ့,ဖြစ်,တဲ့,မြန်မာ,စစ်ဘက်ရေးရာ,နဲ့,လုံခြုံရေးဆိုင်ရာလေ့လာရေးအဖွဲ့,ရဲ့,စာတမ်း,မှာ,ဖော်ပြပါတယ်,။,,,,,,,,,,,,,,,
တိုင်းရင်းသူတချို့,နဲ့,ချစ်ကြိုက်ကြတယ်,။,,,,,,,,,,,,,,,,,,,,,,,,,,,,,,,,,,,,,,,,,,,,,,,,,
ပြည်တွင်း,က,တိုက်ပွဲ,တွေ,မှာ,လေကြောင်း,နဲ့,လက်နက်ကြီးအင်,အား,ကို,အားထားနေရချိန်,မှာ,ပဲ,စစ်လက်နက်,နဲ့,စစ်အသုံးအဆောင်,ပစ္စည်းတွေကို,အရည်အသွေးကောင်းသထက်ကောင်းအောင်ထုတ်လုပ်,ဖို့,စစ်ခေါင်းဆောင်,ဗိုလ်ချုပ်မှူးကြီး,မင်းအောင်လှိုင်,က,ပြောလိုက်ပါတယ်,။,,,,,,,,,,,,,,,,,,,,,,,,,,,,
အဲဒီအချိန်,က,မြန်မာ,စစ်,တပ်,ရဲ့,ဝန်ထမ်းမိသားစုတွေအပြောင်းအရွှေ့လုပ်,တဲ့,ကာလ,မှာ,Y,8,လေယာဉ်,ကို,သယ်ယူပို့ဆောင်ရေး,အတွက်,အသုံးပြုခဲ့တာ,ပါ,။,,,,,,,,,,,,,,,,,,,,,,,,,,,,,,,,,,
ဒါပေမဲ့,ဇွန်,၁၀,ရက်,က,ပုလဲ,မြို့နယ်,၊,ကန်ဒေါင့်ရွာ,မှာ,ပျက်ကျခဲ့,တဲ့,F,7,ကတော့စစ်ဆင်ရေးအတွင်း,မှာ,ပထမ,ဆုံးအ,ကြိမ်,ပျက်ကျတာဖြစ်ပါတယ်,။,,,,,,,,,,,,,,,,,,,,,,,,,,,,,,,,
ဒါ့,အပြင်,စစ်ဘေးရှောင်,တွေ,လည်း,ထပ်တိုးလာတာ,ကြောင့်,ရိက္ခာ၊,ဆေးဝါးအ,ပါ,အဝင်အရေးပေါ်ထောက်ပံ့ကူညီရေးတွေ,လည်း,လိုအပ်နေကြပါတယ်,။,,,,,,,,,,,,,,,,,,,,,,,,,,,,,,,,,,,,,,,
အခုတော့,ရုရှားသမ္မတ,ဗလာဒီမီယာပူတင်,က,ဖိတ်,တဲ့,စစ်ခေါင်းဆောင်,ရဲ့,မတ်,လ,ရုရှား,ခရီးစဥ်အ,ပြီး,လပိုင်းအကြာ,မှာ,ပဲ,ပင်းပက်စက်ရုံ,မှာ,စက်,တပ်,ဆင်ရေး,တွေ,လုပ်,ဖို့,ရုရှား,ပညာရှင်,တွေရောက်နေ,ပြီ,လို့,စစ်ကောင်စီ,က,ကြေညာပါတယ်,။,,,,,,,,,,,,,,,,,,,,
နိုင်ငံ,ခြားငွေကြေးလဲ,လှယ်မှု,Foreign Exchange ,ဆို,တဲ့,အသုံးအနှုန်း,ကို,Forex ,လို့,အင်္ဂလိပ်လိုအတိုကောက်,ခေါ်ဝေါ်ကြပါတယ်,။,,,,,,,,,,,,,,,,,,,,,,,,,,,,,,,,,,,,,,,,
ဒီဖြစ်စဉ်,နဲ့,ပတ်,သက်,ပြီး,စစ်တပ်,က,စစ်ရေးပစ်မှတ်မဟုတ်,တဲ့,နေရာတွေ,ကို,ဗုံးကြဲတိုက်ခိုက်တာမရှိဘူးဆို,တဲ့,အချက်,ကို,လည်း,စစ်ကောင်စီ,က,ထည့်သွင်းပြောထားပါတယ်,။,,,,,,,,,,,,,,,,,,,,,,,,,,,,,,,,,
စစ်ကိုင်း,တိုင်း,၊,ပုလဲ,မြို့နယ်,၊,စပါးစေ့ရွာစစ်ကောင်စီတပ်,ရဲ့,တိုက်လေယာဥ်တစ်စီးဒီ,နေ့နေ့,လယ်ပိုင်း,မှာ,ပျက်ကျခဲ့ပါတယ်,။,,,,,,,,,,,,,,,,,,,,,,,,,,,,,,,,,,,,,,,
ဒီအကြောင်းကိုမြင့်လွင်,က,ပြောပြပေး,ပါ,မယ်,။,,,,,,,,,,,,,,,,,,,,,,,,,,,,,,,,,,,,,,,,,,,,,,,
ကိုယ့်အစီအစဉ်,နဲ့,ကိုယ်ပြောင်းရွှေ့နေထိုင်သူ,က,တစ်သိန်း,ခွဲကျော်ရှိခဲ့ပါတယ်,။,,,,,,,,,,,,,,,,,,,,,,,,,,,,,,,,,,,,,,,,,,,,,,
အတော်များများရောက်လာကြ,ပါ,ပြီ,လို့,လားရှိုးသတင်းရင်း,မြစ်,က,ဧပြီ,၂၁,ရက်,မြို့တွင်းအခြေအနေ,ကို,ရှင်းပြပါတယ်,။,,,,,,,,,,,,,,,,,,,,,,,,,,,,,,,,,,,,,,,
လက်နက်ကြီးပစ်ခတ်သွား,တဲ့,နေရာ,က,စကားအင်းဘက်ကျတယ်,။,,,,,,,,,,,,,,,,,,,,,,,,,,,,,,,,,,,,,,,,,,,,,,,
ကိုကျော်ဇေယျ,က,စုစည်းပြောပြပေး,မှာ,ပါ,။,,,,,,,,,,,,,,,,,,,,,,,,,,,,,,,,,,,,,,,,,,,,,,,
ရခိုင်ပြည်နယ်,အခြေစိုက်,အနောက်ပိုင်း,တိုင်းစစ်ဌာနချုပ်,နပခ,နဲ့,ချင်းတောင်တန်း,အဆင်း,က,မင်းတပ်မြို့တွေ,ကို,တော်လှန်ရေး,တပ်တွေ,က,ထိန်းချုပ်လိုက်တာ,ကြောင့်,ဒီဒေသ,၂,ခု,နဲ့,ကပ်လျက်,က,ကာကွယ်ရေးပစ္စည်းစက်ရုံ,ကပစ,တွေ,ရဲ့,လုံခြုံရေး,ကို,ခြိမ်းခြောက်လာ,ပြီ,လားဆို,ပြီး,စစ်ရေးအကဲခတ်,တွေ,က,စောင့်ကြည့်နေကြပါတယ်,။,,,,,,,,,,,,,,,,
ကရင်နီ,အမျိုးသား,ကာကွယ်,ရေးတပ်,KNDF ,သိမ်းယူထား,တဲ့,ရှမ်းပြည်,တောင်ပိုင်း,က,မိုးဗြဲမြို့,ကို,စစ်,ကောင်စီတပ်တွေ,ခြောက်လ,ကြာအောင်ထိုးစစ်ဆင်,ပြီး,ပြန်သိမ်းနိုင်ခဲ့,ပြီ,လို့,ဒီနေ့,မှာ,ထုတ်ပြန်ပါတယ်,။,,,,,,,,,,,,,,,,,,,,,,,,,,,,,
နောင်ချိုစာသင်တိုက်လေ,ကြောင်းတိုက်ခိုက်ခံရမှု,၁၀,ဦး,ထက်မနည်း,သေဆုံး,,,,,,,,,,,,,,,,,,,,,,,,,,,,,,,,,,,,,,,,,,,,,,,
ဒါ,ကြောင့်,အ,ရင်,က,သောက်ရေ,အတွက်,ရေ,ဝယ်,ရတာ,က,နေသုံးရေ,အတွက်,ပါ,ရေပို,ဝယ်,ကြရတာ,ကြောင့်,ကုန်ကျစရိတ်တွေပိုများ,လာကြပါတယ်,။,,,,,,,,,,,,,,,,,,,,,,,,,,,,,,,,
HMPV ,ဗိုင်းရပ်စ်ဆိုတာဘယ်လိုဗိုင်းရပ်စ်မျိုး,ပါ,လဲ,။,,,,,,,,,,,,,,,,,,,,,,,,,,,,,,,,,,,,,,,,,,,,,,,,
ဘိလပ်မြေလိုဆောက်လုပ်ရေးပစ္စည်းတွေ,စျေးကြီးတာ,၊,လိုသလောက်ဝယ်မရတာမျိုးတွေဖြစ်နေတာ,ပါ,။,,,,,,,,,,,,,,,,,,,,,,,,,,,,,,,,,,,,,,,,,,,,,,,
အွန်လိုင်း,မှာ,ပျံ့နှံ့လာ,တဲ့,ရုပ်သံဗွီဒီယိုတွေ,အရ,သစ်,ပင်,တွေယိမ်းထိုးနေ,သလို,မိုးသည်းသည်းထန်ထန်,ရွာ,နေတာ,ကို,လည်း,တွေ့ရပါတယ်,။,,,,,,,,,,,,,,,,,,,,,,,,,,,,,,,,,,,,
ထိုးစစ်မရှိဘဲထိန်း,ပဲ,ထိန်းနေရတာ,ဆိုတော့,စစ်ပန်း,ပြီး,ဆုတ်ခွာခဲ့ရတယ်,လို့,ရဲဘော်နီနီကျော်,က,ပြောပါတယ်,။,,,,,,,,,,,,,,,,,,,,,,,,,,,,,,,,,,,,,,,,,
လက်နက်ကြီးပစ်ခတ်မှု,ကြောင့်,ဒေသခံ,တစ်ဦး,ထက်မနည်းသေဆုံးမှုရှိတယ်,လို့,ဆို,ပြီး,စစ်ကြောင်း,တွေ,ထိုး,လို့,ထွက်ပြေးနေရတော့သေဆုံး,တဲ့,သူအရေ,အတွက်,သေချာမသိရသေးဘူး,လို့,ပြောပါတယ်,။,,,,,,,,,,,,,,,,,,,,,,,,,,,,,,,,,
အဲဒီဒေသတွေ,ကို,စစ်,တပ်,လက်လွှတ်ပေးခဲ့ရ,တဲ့,နောက်ပိုင်းအပြည်ပြည်ဆိုင်ရာတရားရုံးအိုင်စီဂျေ,မှာ,တရားစွဲဆိုခံထားရ,တဲ့,အမှု,နဲ့,ပတ်,သက်,လို့,သက်သေခံအချက်အလက်တွေ,ထပ်ထွက်လာနိုင်တယ်,ဆို,တဲ့,ယူဆချက်,တွေ,ကို,နိုင်ငံတကာလူ့အခွင့်အရေးလှုပ်ရှားသူတွေကြား,မှာ,အာရုံစိုက်ဆွေးနွေးမှု,တွေ,ရှိလာပါတယ်,။,,,,,,,,,,,,,,,,,,,,,,,,,
ဂွငါးသိုင်းချောင်းရိုးမလမ်းပိုင်းတိုက်ပွဲ,နဲ့,အနီး,စပ်ဆုံး,မှာ,ရှိနေ,တဲ့,ငါးသိုင်းချောင်းမြို့နယ်,မှာတော့,ည,၆,နာရီ,အပြင်,မထွက်ရအမိန့်,ကို,စစ်,ကောင်စီ,က,ထုတ်ပြန်ထားပါတယ်,။,,,,,,,,,,,,,,,,,,,,,,,,,,,,,,,,,
အခု,လည်း,ဒီလူမှောင်ခိုကျားဖြန့်,တွေ,ကို,ထိုင်း,နဲ့,တရုတ်,က,နှိမ်နင်းရေး,မှာ,ကျွန်တော်တို့,က,လည်း,ပူးပေါင်း,ဖို့,လုပ်ဆောင်,ဖို့,အဆင်သင့်,ပါ,ပဲ,။,,,,,,,,,,,,,,,,,,,,,,,,,,,,,,,
မြန်မာ,ပြည်,က,အ,နှစ်,၅,ဝဝ,ကက်သလစ်သာသနာ,,,,,,,,,,,,,,,,,,,,,,,,,,,,,,,,,,,,,,,,,,,,,
ပတ်စ်ပို့သက်တမ်း,ကို,မတိုးပေးဘူး,။,,,,,,,,,,,,,,,,,,,,,,,,,,,,,,,,,,,,,,,,,,,,,,,,,
အ,ပြည့်,အ,စုံ,ကို,မစန္ဒာဝင်းက,ပြောပြပေး,ပါ,မယ်,။,,,,,,,,,,,,,,,,,,,,,,,,,,,,,,,,,,,,,,,,,,,
အလား,တူကျောက်တော်မြို့လေကြောင်းတိုက်ခံရမှု,မှာ,လည်း,အရပ်သား,၈,ဦး,သေဆုံး,ပြီး,၁၄,ဦး,ဒဏ်ရာရခဲ့တယ်,လို့,အေအေ,က,စာရင်း,နဲ့,ဖော်ပြခဲ့ပါတယ်,။,,,,,,,,,,,,,,,,,,,,,,,,,,,,,,,,,,
ဗိုလ်မှူးကြီး,စောချစ်သူ,နဲ့,ဆက်နွှယ်သူ,တွေ,ကို,ဘယ်လိုပြစ်မှုတွေ,နဲ့,ဝရမ်းထုတ်,ဖို့,ထိုင်း,ဘက်,က,ပြင်လာတာလဲ,။,,,,,,,,,,,,,,,,,,,,,,,,,,,,,,,,,,,,,,
သူ,တို့,နှစ်ဦး,ဟာစစ်အာဏာသိမ်းချိန်,မှာ,အစောဆုံးဖမ်းဆီးခံခဲ့သူတွေ,ဖြစ်ပြီး,ပြန်လည်လွတ်,မြောက်,လာတော့,လည်း,တစ်ရက်,တည်းအတူတူလွတ်မြောက်,ခဲ့ကြပါတယ်,။,,,,,,,,,,,,,,,,,,,,,,,,,,,,,,,,,,,,,,
မြေးဖြစ်သူမနန်း,လည်း,ဒီစခန်း,မှာ,ပဲ,မွေးဖွားလာခဲ့,ပြီး,အသက်,၂၉,နှစ်အရွယ်ရှိလာ,ပါ,ပြီ,။,,,,,,,,,,,,,,,,,,,,,,,,,,,,,,,,,,,,,,,,
ဒါပေမဲ့,မြန်မာနိုင်ငံ,သား,တွေ,လို့,ယူဆရ,လို့,သူ,တို့,ရဲ့,ရုပ်အလောင်း,တွေ,ကို,လည်း,မြန်မာ,တာဝန်ရှိသူ,တွေ,ဆီလွှဲပြောင်းပေးခဲ့တယ်,လို့,ဆို,ပေမဲ့,ဘယ်,အဖွဲ့,အစည်း,က,ဆိုတာ,ကို,တော့ဖော်ပြမထား,ပါ,ဘူး,။,,,,,,,,,,,,,,,,,,,,,,
သူ,တို့,တွေ,ကို,တအာင်းတပ်,TNLA ,က,ပြီး,ခဲ့,တဲ့,ဇွန်,၁၇,ရက်,က,ဖမ်းထားတာ,ဖြစ်ပြီး,၁၁,ရက်,အကြာ,ဇွန်,၂၇,ရက်,မှာ,ပြန်လွှတ်လိုက်တာဖြစ်ပါတယ်,။,,,,,,,,,,,,,,,,,,,,,,,,,,,,
သူ,လည်း,အလုပ်,က,ရခါစ,၊,ကိုယ်,က,လည်း,ဟိုရောက်,ရင်,ဘာ,မှ,မလုပ်တတ်ဘူး,။,,,,,,,,,,,,,,,,,,,,,,,,,,,,,,,,,,,,,,
မန္တလေးတိုင်းထဲက,သပိတ်ကျင်းမြို့,ကို,စစ်,တပ်,ပြန်ရသွားတာ,က,တော်လှန်ရေးအင်,အား,စု,တွေ,အတွက်,ဘာသဘောဆောင်လဲ,။,,,,,,,,,,,,,,,,,,,,,,,,,,,,,,,,,,,,,,,
သူ,တို့,မီး,နဲ့,သူ,တို့,ဖြစ်နေတယ်,။,,,,,,,,,,,,,,,,,,,,,,,,,,,,,,,,,,,,,,,,,,,,,
ငွေကြေးကျပ်တည်းကြတာ,ကို,အခွင့်ကောင်းယူ,ပြီး,တရုတ်ဇနီးလုပ်,ဖို့,ငွေကြေး,နဲ့,လာကမ်းလှမ်းတာ,,,,,,,,,,,,,,,,,,,,,,,,,,,,,,,,,,,,,,,,,,,,
အထွေထွေရွေးကောက်ပွဲပြန်လည်ကျင်းပနိုင်ရေး,အတွက်,လည်း,ပြည်သူတစ်ရပ်လုံး,က,ပူးပေါင်း,ပါ,ဝင်ကြ,ဖို့,သူ,က,တိုက်တွန်းပါတယ်,။,,,,,,,,,,,,,,,,,,,,,,,,,,,,,,,,,,,,,,,,
ဘာဆိုဘာ,မှ,မရခဲ့,ပါ,ဘူး,။,,,,,,,,,,,,,,,,,,,,,,,,,,,,,,,,,,,,,,,,,,,,,,,
ကြိုတင်အကြောင်းကြားတာ,၊,လုံခြုံရေးအကူအညီရယူဆောင်ရွက်တာတွေ,ကို,တော့လုပ်ပေး,ဖို့,မေတ္တာရပ်ခံပါတယ်,ဆက်ပြောပါတယ်,။,,,,,,,,,,,,,,,,,,,,,,,,,,,,,,,,,,,,,,,,,,,,
မလေးရှားနိုင်ငံ,မှာ,ပြန်ပေးဆွဲခံရ,တဲ့,မြန်မာ,အလုပ်သမား,၈,ယောက်,ပြန်လွတ်လာ,ပြီး,ရိုက်နှက်ခံထားရ,တဲ့,ဒဏ်,ရာတွေ,ကို,ဆေးကုပေးနေတယ်,လို့,လိုက်,ပါ,ကူညီပေးနေသူ,တွေ,က,ပြောပါတယ်,။,,,,,,,,,,,,,,,,,,,,,,,,,,,,,
ထန်းတ,ပင်,မြို့နယ်,ဘက်,မှာ,လည်း,PDF ,တွေ,ရဲ့,စစ်ရေးလှုပ်ရှားမှုတွေရှိနေ,ပြီး,စစ်,ကောင်စီတပ်,ဘက်,က,လည်း,လေကြောင်းဗုံးကြဲတိုက်ခိုက်တာ,တွေ,ကို,မတ်,လ,ပထမ,အပတ်,ထဲမှာ,ဆက်တိုက်ပြုလုပ်ခဲ့ပါတယ်,။,,,,,,,,,,,,,,,,,,,,,,,,,,,
မြို့မဗလီ,တစ်ခု,တည်း,မှာ,တင်အပျက်အစီးအောက်,မှာ,ပိတ်မိသေဆုံးသူ,၆၀,ကျော်,အထိ,ရှိနေ,ပြီး,မြို့တော်,နဲ့,မိုးကျဗလီ,တွေ,မှာ,လည်း,လူဆယ်ချီသေဆုံးခဲ့ပါတယ်,။,,,,,,,,,,,,,,,,,,,,,,,,,,,,,,,,,
ကျွန်တော်ဗလီ,ဆရာ,သက်တမ်းတစ်လျှောက်,လည်း,လိုတာကူညီခဲ့တယ်,။,,,,,,,,,,,,,,,,,,,,,,,,,,,,,,,,,,,,,,,,,,,,,,,
ဆက်သွယ်ရေးအခက်အခဲ,ကြောင့်,အဲဒီ,မြို့နယ်တွေ,မှာ,ထိခိုက်သေဆုံး,တဲ့,အရေ,အတွက်,တွေ,ကို,တော့အတည်ပြုနိုင်တာမရှိသေး,ပါ,ဘူး,။,,,,,,,,,,,,,,,,,,,,,,,,,,,,,,,,,,,,,,
ရန်ကုန်,မှာ,ဆိုဆေးခန်း,တစ်ခု,တည်း,မှာ,တင်,HIV ,ပိုးရှိသူတွေအေအာတီဆေးစွဲသောက်နေရ,တဲ့,လူ,က,"၃,၀၀၀",ကျော်ရှိတယ်,လို့,HIV ,ပိုးရှိသူ,တွေ,အတွက်,အေအာတီ,ART ,ဆေးဖြန့်ဝေပေးနေ,တဲ့,အရပ်ဖက်,အဖွဲ့,က,တာဝန်ရှိသူ,တစ်ဦး,က,ပြောပါတယ်,။,,,,,,,,,,,,,,,,,,,,,,
အမျိုးသား,တစ်ဦး,ဆို,ရင်,အတုအယောင်ရင်းနှီးမြှုပ်နှံမှု,ကို,ထည့်ဝင်,ဖို့,သူ့ဇနီး,သည်,ရဲ့,လက်ဝတ်လက်စား,ကို,တောင်ရောင်း,ဖို့,အသင့်အခြေအနေ,အထိ,ရှိခဲ့တယ်,လို့,သူ,က,ပြောပါတယ်,။,,,,,,,,,,,,,,,,,,,,,,,,,,,,,,
ဒီမြို့ဟာ,၂၀၂၃,အောက်တိုဘာ,၁၀,ရက်,အစ္စရေးကို,ဟားမတ်စ်တိုက်ခိုက်မှုနောက်,မှာ,အစ္စရေး,နယ်စပ်,မြို့တွေ,က,စိုက်ပျိုးရေးလုပ်ငန်းတွေ,မှာ,လုပ်,တဲ့,မြန်မာ,အလုပ်သမားတွေအများစုပြောင်းရွှေ့နေထိုင်,တဲ့,မြို့,လည်း,ဖြစ်ပါတယ်,။,,,,,,,,,,,,,,,,,,,,,,,,,,,,,,
ကျောင်းပြန်တက်ချင်နေ,တဲ့,ကလေးသရုပ်ဆောင်,ပြည့်,ပြည့်,,,,,,,,,,,,,,,,,,,,,,,,,,,,,,,,,,,,,,,,,,,,,,,,
ပြီးတော့,လိုအပ်,တဲ့,ပံ့ပိုးကူညီမှုတွေပေး,ပြီး,ကိုယ့်အိုးအိမ်,တွေ,ကို,ကိုယ်တိုင်ဆောက်လုပ်ကြ,တဲ့,နည်းနာ,ပါ,လို့,တီတွန်မီထြာ,က,ပြောပါတယ်,။,,,,,,,,,,,,,,,,,,,,,,,,,,,,,,,,,,,,
အလား,တူသတိပေးမှုတွေ,က,မန္တလေးတိုင်းထဲက,တော်လှန်ရေးအင်,အား,စုနယ်မြေတွေ,မှာ,လည်း,ပြောဆိုကြပါတယ်,။,,,,,,,,,,,,,,,,,,,,,,,,,,,,,,,,,,,,,,,,,,
အဲဒီနောက်,မှာတော့,ရေအောက်ချေမှုန်းရေးလက်နက်ကြီးတိုပီဒို,တပ်,ဆင်နိုင်,တဲ့,၁၉၈၀,မှာ,ထုတ်ခဲ့,တဲ့,ရုရှား,လုပ်တိုက်ခိုက်ရေး,ရေငုပ်သင်္ဘောကိုဝယ်ယူပြီး,မင်းရဲသိင်္ခသူ,လို့,နာ,မည်,ပေးခဲ့တာဖြစ်ပါတယ်,။,,,,,,,,,,,,,,,,,,,,,,,,,,,,,,,,,,
အခွန်ပေးဆောင်ရမယ့်စျေးကွက်ငွေလဲ,ရည်ညွှန်းစျေးနှုန်း,ကို,လည်း,အကောက်ခွန်ဦးစီးဌာန,ကထုတ်ပြန်ပေးသွားမယ်,လို့,ပြောပါတယ်,။,,,,,,,,,,,,,,,,,,,,,,,,,,,,,,,,,,,,,,,,,,,,
ဒါ,ကြောင့်,မနက်ဖြန်,မတ်,လ,၃၁,ရက်,မှာရှာဖွေရေးရပ်တန့်,ပြီး,အပျက်အစီးတွေ,ကို,ဖြိုချနိုင်ခြေရှိတယ်,လို့,လည်း,သူ,က,ပြောပါတယ်,။,,,,,,,,,,,,,,,,,,,,,,,,,,,,,,,,,,,
FFD ,ကဒရုန်းတွေအများ,ကြီးသုံးခဲ့တယ်,။,,,,,,,,,,,,,,,,,,,,,,,,,,,,,,,,,,,,,,,,,,,,,,,,,
အခု,လိုလား,ရှိုးမြို့သိမ်းခဲ့,လို့,ကိုးကန့်မြေ,က,စွန့်ခွာခဲ့ရ,တဲ့,ဒီ,တပ်တွေ,ဟာလားရှိုး,မြို့,ကို,စစ်ကောင်စီတပ်ပြန်ဝင်လာချိန်,မှာ,လည်း,တရုတ်ဖိ,အား,ကို,ထပ်မံသွယ်ဝိုက်,ရင်,ဆိုင်ကြရပြန်,ပါ,ပြီ,။,,,,,,,,,,,,,,,,,,,,,,,,,,,,
၂၀၂၅,ခုနှစ်,၊,ဖေဖော်ဝါရီ,၁၇,ရက်,အထိ,အ,ပတ်,စဉ်,၁၀,အထိ,သင်တန်းခေါ်ယူ,ပြီး,ဖြစ်တာ,ကြောင့်,လူငယ်အမျိုးသားအယောက်,၅,သောင်းနီးပါးစစ်တပ်ထဲရောက်ခဲ့,ပြီ,လို့,အကြမ်းဖျင်းယူဆနိုင်ပါတယ်,။,,,,,,,,,,,,,,,,,,,,,,,,,,,,,,
တရုတ်,ရဲ့,ကြားဝင်မှု,နဲ့,စစ်ကောင်စီ,နဲ့,တအာင်း,တပ်,TNLA ,တို့ကြားအပစ်အခတ်ရပ်စဲရေး,နှစ်ရက်,ကြာဆွေးနွေးပွဲ,ပြီး,ဆုံးခဲ့,တဲ့,နောက်,TNLA ,ထိန်းချုပ်ထား,တဲ့,နောင်ချို,မှာ,ဆက်လက်ဗုံးကြဲတာ,တွေ,ခံနေရပါတယ်,။,,,,,,,,,,,,,,,,,,,,,,,,,,,,
ဒါပေမဲ့,ဒီစျေး,တွေ,က,ပွဲစားတွေဆီ,ကို,တိုက်ရိုက်ကမ်းလှမ်း,တဲ့,စျေးတွေဖြစ်,သလို,ငွေကြေးတတ်နိုင်သူ,တွေ,သုံး,တဲ့,ပမာဏဖြစ်ပါတယ်,။,,,,,,,,,,,,,,,,,,,,,,,,,,,,,,,,,,,,,
မြို့တော်စစ်တွေဟာကုန်းလမ်း,အပြင်,ပင်လယ်ရေကြောင်းထွက်ပေါက်ရှိ,တဲ့,မြို့ဖြစ်တာ,ကြောင့်,စစ်,ကောင်စီတပ်,ရဲ့,ရေတပ်တွေ,က,အခိုင်အမာအင်,အား,ချ,ပြီး,ထိန်းချုပ်ထားနိုင်,လို့,ထိုးစစ်ဆင်,ဖို့,မလွယ်ကူ,တဲ့,အကြောင်းစစ်ရေးကျွမ်းကျင်သူတွေ,က,ထောက်ပြထားပါတယ်,။,,,,,,,,,,,,,,,,,,,,,,,,,,,,
ပုဂ္ဂလိကျောင်းတွေနဲ့,နိုင်ငံတကာကျောင်းတွေ,ကို,တင်း,ကျပ်,တဲ့,သတ်မှတ်ချက်တွေ,ပါ,ဝင်,တဲ့,ပုဂ္ဂလိက,ပညာရေးဥပဒေ,ကို,၂၀၂၃,ခုနှစ်,မှာ,စစ်ကောင်စီ,က,ပြင်ဆင်ခဲ့,ပြီး,ပညာရေးလွတ်လပ်ခွင့်မရှိဘူး,ဆို,တဲ့,ဝေဖန်ချက်,တွေ,လည်း,ရင်,ဆိုင်ခဲ့ရပါတယ်,။,,,,,,,,,,,,,,,,,,,,,,,,
ဥပုသ်လဝတ်ပြုရက်ဖြစ်တာ,ကြောင့်,ပြိုကျနေ,တဲ့,ဗလီတွေအောက်,မှာ,ပိတ်မိနေသူ,တွေများ,နိုင်တယ်,လို့,ဆိုပါတယ်,။,,,,,,,,,,,,,,,,,,,,,,,,,,,,,,,,,,,,,,,,,
ဒါကြောင့်,ရုံးလုပ်ငန်းလည်,ပတ်,မှု,တွေ,ရပ်တန့်နေပါတယ်,။,,,,,,,,,,,,,,,,,,,,,,,,,,,,,,,,,,,,,,,,,,,,,,
ထရမ့်ဟာအိမ်ဖြူတော်,ကို,ပြန်ရောက်,တဲ့,ပထမ,ဆုံးနေ့,မှာ,ပဲ,နိုင်ငံခြားအကူအညီပေးမှုတွေ,ကို,ပစ်မှတ်ထားခဲ့ပါတယ်,။,,,,,,,,,,,,,,,,,,,,,,,,,,,,,,,,,,,,,,,,,
နောက်ထပ်ဗုံးကြဲတိုက်ခိုက်တာတွေ,လည်း,ဆက်ရှိနေပါတယ်,။,,,,,,,,,,,,,,,,,,,,,,,,,,,,,,,,,,,,,,,,,,,,,,,,,
ဘာ,ကြောင့်,ကရင်နီ,တော်လှန်ရေး,အဖွဲ့တွေ,လက်လွှတ်ခဲ့ရသလဲ,။,,,,,,,,,,,,,,,,,,,,,,,,,,,,,,,,,,,,,,,,,,,,,,
သံတွဲ,မှာ,နယ်မြေမငြိမ်သက်တာ,ကြောင့်,အဲဒီစီမံကိန်း,က,ဝန်ထမ်း,တွေ,ကို,၂၀၂၄,ခုနှစ်,ဧပြီ,လ,မှာ,ရွှေ့ပြောင်းခဲ့ရတာ,ကြောင့်,လုပ်ငန်းလည်ပတ်မှု,လည်း,ရပ်နားခဲ့ရတယ်,လို့,လျှပ်စစ်ဝန်ကြီးဌာန,က,ပြောပါတယ်,။,,,,,,,,,,,,,,,,,,,,,,,,,,,,,
ပြည်ဝင်ခွင့်ထုတ်ပြန်,တဲ့,အမိန့်ဟာ,ဇွန်,၉,ရက်,အမေရိကန်,အချိန်ဇုန်,EDT ,မနက်,၁၂,နာရီ,၁,မိနစ်,မှာ,စတင်အသက်ဝင်,ပါ,ပြီ,။,,,,,,,,,,,,,,,,,,,,,,,,,,,,,,,,,,
စစ်ကိုင်း,မြို့ပေါ်,မှာတော့,ငလျင်ကယ်ဆယ်ရေးစခန်း,၆,ခု,ဆောက်လုပ်ပေးထား,ပြီး,ငလျင်ဘေး,ဒုက္ခသည်အရေအတွက်,"၁,၁၀၀",ဝန်းကျင်ရှိတယ်,လို့,စစ်ကိုင်း,ခရိုင်ကြက်ခြေနီ,အဖွဲ့,ရဲ့,တာဝန်ရှိသူ,တစ်ဦး,က,ပြောပါတယ်,။,,,,,,,,,,,,,,,,,,,,,,,,,,,,,,,
လားရှိုး,နဲ့,ထိစပ်နေ,တဲ့,TNLA ,ရဲ့ထိန်းချုပ်နေရာတွေ,မှာ,ပါ,စစ်ရေး,အရ,ခြိမ်းခြောက်မှု,တွေ,ရှိလာနိုင်တယ်,လို့,သုံးသပ်မှုတွေ,လည်း,ရှိနေပါတယ်,။,,,,,,,,,,,,,,,,,,,,,,,,,,,,,,,,,,,
စစ်ကောင်စီ,က,သူလက်လွှတ်လိုက်ရ,တဲ့,နေရာတွေ,မှာ,စီးပွားရေးလုပ်ကွက်,တွေ,ဆက်မလုပ်နိုင်အောင်ဗုံးကြဲတာ,သာမက,အရပ်သားတွေရှိ,တဲ့,နေရာ,လည်း,လေကြောင်း,က,နေဗုံးကြဲနေတာ,တွေ,က,ရှေ့ဖြစ်ရပ်တွေ,မှာ,လည်း,ထင်ထင်ရှားရှားရှိခဲ့တာ,ကို,နိုင်ငံ,ရေးသုံးသပ်သူ,တွေ,က,ထောက်ပြပါတယ်,။,,,,,,,,,,,,,,,,,,,,,,,
အရပ်ဘက်အကူအညီပေးရေးအဖွဲ့တချို့ကတော့မဖော်နိုင်သေး,တဲ့,ရုပ်အလောင်း,တွေ,နဲ့,ပျောက်ဆုံးစာရင်းတွေ,အရ,ငလျင်,ကြောင့်,ကလေးငယ်,၁၀၀,ကျော်သေဆုံးနိုင်တယ်,လို့,ခန့်မှန်းထားပါတယ်,။,,,,,,,,,,,,,,,,,,,,,,,,,,,,,,,,,,,,,,
စစ်ခေါင်းဆောင်,နဲ့,တော်လှန်ရေးအင်,အား,စုတွေဘက်,က,ပြောဆိုချက်ကြား,မှာ,ပဲ,နိုင်ငံ,တွင်း,မှာ,ငလျင်ဘေး,နဲ့,စစ်ဘေး,က,လူထုအပေါ်သက်ရောက်မှုဘယ်လောက်ကြီးလာလဲ,။,,,,,,,,,,,,,,,,,,,,,,,,,,,,,,,,,,,
ဂန့်ဂါဘက်,မှာ,နှစ်,ဖက်ပစ်ခတ်သံ,တွေ,ကြားရတယ်,လို့,ဒေသခံ,တစ်ဦး,က,ပြောပါတယ်,။,,,,,,,,,,,,,,,,,,,,,,,,,,,,,,,,,,,,,,,,,
မလိုချင်,လို့,တော့မဟုတ်ဘူးပေါ့,။,,,,,,,,,,,,,,,,,,,,,,,,,,,,,,,,,,,,,,,,,,,,,,,,,
ဒီလေ,ယာဉ်,ကို,ဗိုလ်ချုပ်မှူးကြီး,မင်းအောင်လှိုင်,ရဲ့,ပြည်ပခရီးစဉ်တွေ,အတွက်,ဘယ်လိုသဘောတူညီမှု,၊,ဘယ်လိုငွေပေးချေမှု,နှင့်,ငှားရမ်းအသုံးပြုနေလဲ,လို့,MAI ,ကိုဘီဘီ,စီ,က,မေးမြန်းခဲ့ပါတယ်,။,,,,,,,,,,,,,,,,,,,,,,,,,,,,,,,,,
နောက်,တစ်ရက်,မတ်,၆,ရက်,ညနေခင်း,အထိ,ကို,မအူ,ပင်,မြို့,ပေါ်,မှာ,ငလျင်အသေးစားတွေလှုပ်ခတ်နေဆဲ,လို့,မြို့,ခံ,တွေ,ဆီက,သိရပါတယ်,။,,,,,,,,,,,,,,,,,,,,,,,,,,,,,,,,
လူဟောင်းတွေသက်တမ်းတိုးမယ့်,ကိစ္စကအရမ်းကိုကြန့်ကြာဦးမှာပေါ့,လို့,ထိုင်း,ရောက်,မြန်မာ,တစ်ဦး,ဖြစ်,သလို,သက်တမ်းတိုးလုပ်ငန်းတွေ,ကို,လုပ်ကိုင်ပေး,တဲ့,မဇင်အိအိအောင်,က,မြန်မာ,အ,များ,စုစိုးရိမ်ချက်,ကို,ပြောပြပါတယ်,။,,,,,,,,,,,,,,,,,,,,,,,,,,,,,,,
ဦးနေလင်းအောင်ဟာစစ်အာဏာသိမ်း,ပြီး,တဲ့,နောက်,မှာ,လည်း,တော်လှန်ရေးတာဝန်တွေ,ကို,တော်လှန်ရေးနယ်မြေ,မှာ,ဦးဆောင်,ပါ,ဝင်ခဲ့,ပြီး,ကျန်းမာရေးချို့ယွင်းလာ,တဲ့,ကြား,က,နေဆက်,ပြီး,တာဝန်ထမ်းဆောင်နေခဲ့တယ်,လို့,CRYH ,ကအသိအမှတ်ပြုပြောဆိုပါတယ်,။,,,,,,,,,,,,,,,,,,,,,,,,,,,,
စစ်ကောင်စီ,က,အခုလိုအာရက္ခတပ်တော်နဲ့,ထိ,တွေ့ဆက်ဆံမှုတွေ,ကို,ကန့်ကွက်မှု,တွေ,ကို,ဘင်္ဂလားဒေ့ရှ်,အမျိုးသားလုံခြုံရေးအကြံပေးခါလီလာရာမန်,က,ဒီ,နှစ်,မေ,လ,ထဲမှာ,ပြန်,ပြီး,ပယ်ချခဲ့ဖူးပါတယ်,။,,,,,,,,,,,,,,,,,,,,,,,,,,,,,,,,
လစာကောင်း,တဲ့,Skilled Workers ,အဆင့်မြင့်အလုပ်သမား,တွေ,ပါ,နိုင်ငံ,ထဲက,ထွက်လာကြတာ,လို့,ဆိုပါတယ်,။,,,,,,,,,,,,,,,,,,,,,,,,,,,,,,,,,,,,,,,,,
ပုပ်ရဟန်းမင်းကြီးဖရန်စစ်ဟာ,၂၀၁၇,ခုနှစ်,၊,နိုဝင်ဘာ,လ,မှာ,မြန်မာနိုင်ငံ,ကို,ကိုယ်တိုင်ကြွခဲ့ပါတယ်,။,,,,,,,,,,,,,,,,,,,,,,,,,,,,,,,,,,,,,,,,,,
လေယာဉ်,နဲ့,လည်း,ဗုံးတွေ,ကြဲတယ်,။,,,,,,,,,,,,,,,,,,,,,,,,,,,,,,,,,,,,,,,,,,,,,,,
ဘာ,ကြောင့်,လဲ,ဆိုတော့,တောင်ခမ်းစစ်မျက်နှာပြင်,မှာ,TNLA ,တပ်တွေ,အပြင်,ဓနုပြည်သူ့လွတ်မြောက်ရေးတပ်တော်,DPLA ,ပါပူးပေါင်း,ပါ,ဝင်နေတာ,ကြောင့်,ပါ,။,,,,,,,,,,,,,,,,,,,,,,,,,,,,,,,,,,,,
ဒီအကြောင်းမရွှေပိုးနီ,က,ပြောပြ,မှာ,ပါ,။,,,,,,,,,,,,,,,,,,,,,,,,,,,,,,,,,,,,,,,,,,,,,,,
ငလျင်ဒဏ်သင့်,ပြီး,ချိန်ကျောက်တုံးကြီးပြိုကျနိုင်,တဲ့,အန္တရာယ်ရှိနေတဲ့,စုကြီးရပ်ကွက်ထဲ,ကို,လည်း,ဆရာတော်,တွေ,က,အန္တရာယ်ကင်းပရိတ်တွေ,ရွတ်ဖတ်ကြပါတယ်,။,,,,,,,,,,,,,,,,,,,,,,,,,,,,,,,,,,,,,,,
မေ,၁၇,ရက်,နိုင်ငံတဝန်းသတင်းများအနှစ်ချုပ်အန်ကောဝပ်,မှာ,မိုးကြိုးပစ်,လို့,သုံးဦး,သေဆုံး,,,,,,,,,,,,,,,,,,,,,,,,,,,,,,,,,,,,,,,,,,,,
တောင်ငူခရိုင်,၊,စစ်တောင်းမြစ်အရှေ့ခြမ်းရွာတွေကြုံနေရ,တဲ့,ရေဘေး,နဲ့,စစ်ရေး,,,,,,,,,,,,,,,,,,,,,,,,,,,,,,,,,,,,,,,,,,,,,,
အဲဒီလေ,ယာဉ်ဟာ,Northeast ,ဖီလာဒဲလ်ဖီယာလေ,ဆိပ်,က,နေစပရင်းဖီး,မြို့,၊,ဘရန်ဆန်လေဆိပ်,ကို,ဦး,တည်ပျံသန်းမယ့်လေ,ယာဉ်,ဖြစ်ပြီး,ဆေးရုံဆင်းလာ,တဲ့,လူနာ,ကို,မက္ကဆီကိုမြို့ကိုပြန်ပို့ဖို့အတွက်,လူနာတင်ဆောင်လာတာ,လို့,အမေရိကန်,သတင်းတွေ,မှာ,ဖော်ပြထားပါတယ်,။,,,,,,,,,,,,,,,,,,,,,,,,,,
အစ်,ကို,တစ်ယောက်,လိုလူ,ကို,ဆုံးရှုံးခဲ့ရတာ,။,,,,,,,,,,,,,,,,,,,,,,,,,,,,,,,,,,,,,,,,,,,,,,
ထိုင်း,မှာ,ရှိ,တဲ့,မြန်မာ,စာသင်ကျောင်း,တစ်ခု,ကို,ထိုင်း,ရဲ,တပ်ဖွဲ့တွေ,ဝင်ရောက်စီးနင်း,ပြီး,ဆရာ,တွေ,ကို,ဖမ်းဆီး,တဲ့,အချိန်,မှာ,သင်ပုန်းအဖြူ,White Board ,ပေါ်,မှာ,ရေးထား,တဲ့,မြန်မာ,ဖတ်စာသင်ရိုး,တစ်ခု,ဖြစ်ပါတယ်,။,,,,,,,,,,,,,,,,,,,,,,
ဒီရောက်တော့အလှပြင်တတ်တာလူသိအောင်ကြော်ငြာ,တဲ့,သဘောတော့ပြောထားရတယ်,။,,,,,,,,,,,,,,,,,,,,,,,,,,,,,,,,,,,,,,,,,,,,,,,,,
ဆရာ,ဝန်,နှစ်ယောက်,ပုံမှန်လွှတ်ပေးနေပါတယ်,လို့,သူ,က,ပြောပါတယ်,။,,,,,,,,,,,,,,,,,,,,,,,,,,,,,,,,,,,,,,,,,,,,
ရမခတိုင်းမှူးအဖြစ်တာဝန်ထမ်းဆောင်နေသူ,က,တော့,ဗိုလ်မှူးချုပ်,အေးမင်း,ဦး,ဖြစ်ပြီး,ဗိုလ်လောင်း,သင်တန်းအပတ်စဉ်,၉၄,သင်တန်း,ဆင်းဖြစ်ပါတယ်,။,,,,,,,,,,,,,,,,,,,,,,,,,,,,,,,,,,,,,,,,
ဆေးတွေ,ကို,လို,တဲ့,သူ,ကိုယ်တိုင်,ရှာ,ပြီး,ဈေးကြီးပေး,ပြီးတော့,ဝယ်ယူကုသနေကြရတာ,ပါ,။,,,,,,,,,,,,,,,,,,,,,,,,,,,,,,,,,,,,,,,,
ရန်ကုန်,မြို့,မှာ,အ,ထည်,ဆိုင်ဖွင့်ထား,တဲ့,မအိ,က,ဒီ,နေ့,နဲ့,မနက်ဖြန်တောင်ဘာဖြစ်နိုင်မလဲ,မသိ,တဲ့,ကာလ,အခြေအနေ,မှာ,ကလေးပိစိလေး,နဲ့,ဆိုမလွယ်ကူဘူး,လို့,ပြောပါတယ်,။,,,,,,,,,,,,,,,,,,,,,,,,,,,,,
ဒဏ်ရာရ,တဲ့,သူ,တွေ,ကို,ကျေးလက်ဆေးပေးခန်းတွေ,ကို,ပဲ,ပို့ပေးထားရတယ်,၊,ဆေးရုံ,ကို,ပို့,ဖို့,က,လည်း,စစ်ကြောင်း,က,ထိုးနေတယ်,၊,ဖြတ်သွားရမယ့်,မန္တလေး,မုံ,ရွာ,လမ်းတစ်လျှောက်,မှာ,လည်း,စစ်ဆေးရေးဂိတ်,တွေ,နဲ့,ဆိုတော့,ဆေးရုံပို့,ဖို့,အခက်အခဲတွေ,ဖြစ်နေကြတယ်,လို့,ကူညီပေးနေသူ,တစ်ယောက်,က,ပြောပါတယ်,။,,,,,,,,,,,,
တဘက်,မှာ,လည်း,သင်္ဂါယနာ,ဆယ်ကြိမ်,တင်ဖူးကြောင်းစလေ,ဦးပုည,ရဲ့,သာသနာလျှောက်စာတမ်း,မှာ,ပါရှိပါတယ်,။,,,,,,,,,,,,,,,,,,,,,,,,,,,,,,,,,,,,,,,,,
ငလျင်ဗဟိုချက်ဖြစ်,တဲ့,စစ်ကိုင်း,မြို့နယ်,ထဲက,ကျောက်တာ,နဲ့,ရေခါးအင်း,ကျေးရွာ,မှာ,ရိက္ခာအကူအညီတွေရရှိကြပေမဲ့,နေအိမ်ပေါင်း,၂၀၀,ဝန်းကျင်ခန့်ပြို့ပျက်သွားခဲ့,တဲ့,ကျောက်တာ,ကျေးရွာ,မှာ,ငလျင်လှုပ်ခတ်ခဲ့တာ,တစ်လ,ကျော်လာ,တဲ့,အထိ,အကူအညီပေးရေးအဖွဲ့တွေရောက်မလာသေး,ပါ,ဘူး,။,,,,,,,,,,,,,,,,,,,,,,,,,,
အီရန်,အပေါ်ချမှတ်ထား,တဲ့,ပိတ်ဆို့မှု,တွေ,ကို,ရုတ်သိမ်းသင့်တယ်,လို့,တရုတ်,က,တိုက်တွန်းခဲ့ပါတယ်,။,,,,,,,,,,,,,,,,,,,,,,,,,,,,,,,,,,,,,,,,,
ဧရာဝတီမြစ်,ကမ်းနား,က,အနောက်ပြင်,မှာတော့,သင်္ဂဇာချောင်းနဲ့,ရွှေတချောင်းတလျှောက်,ဘုန်းကြီး,ကျောင်းသစ်ကြီးတွေပေါ်လာ,ပြီး,မူ,လ,ရှိရင်းပုဂံမင်းကုသိုလ်,အိမ်တော်ရာဘုရား,တဝိုက်,က,ကျောင်းကန်တွေ,နဲ့,ဆက်သွားပါတယ်,။,,,,,,,,,,,,,,,,,,,,,,,,,,,,,,,,,
ကားကြီး,က,မှောက်သွားတာဟ,။,,,,,,,,,,,,,,,,,,,,,,,,,,,,,,,,,,,,,,,,,,,,,,,,,
အသက်ချင်းမတိမ်းမယိမ်းရှိကြ,တဲ့,သူ,တို့,သုံးယောက်,ဟာဆော့,က,စားဘက်,တွေ,ဖြစ်ရုံ,မက,အိန္ဒိယသမ္မတအိမ်တော်မှာ,မြင်းစီးအတူသင်ခဲ့ကြကြောင်း,ယနေ့အိန္ဒိယ,သတင်းစာ,ပါ,ရာရှစ်,ကစ်၀ေ,ရဲ့,အောင်ဆန်းစုကြည်,နဲ့,၂၄,၊,အက္ကဘာလမ်း,ဆောင်းပါး,မှာ,ပါရှိပါတယ်,။,,,,,,,,,,,,,,,,,,,,,,,,,
ကျွန်တော်တို့ဆီ,မှာ,လုံလုံခြုံခြုံနေ,လို့,ရတယ်,။,,,,,,,,,,,,,,,,,,,,,,,,,,,,,,,,,,,,,,,,,,,,,,,
မြန်မာနိုင်ငံ,က,နေ,ပြီးတော့,မှ,ကျွန်တော့်,ရဲ့,သဘောထားပေါ့,၊,ကျွန်တော်,က,တော့ပါတီ,စုံ,ဒီမို,က,ရေစီစနစ်,ကို,သွား,ဖို့အတွက်,ကျွန်တော်,လက်ခံပါတယ်,။,,,,,,,,,,,,,,,,,,,,,,,,,,,,,,,
ဖယ်ခုံဘက်,နဲ့,ပိုနီးတယ်,။,,,,,,,,,,,,,,,,,,,,,,,,,,,,,,,,,,,,,,,,,,,,,,,,,
ဒီနေ့ငလျင်ဟာနှစ်ပေါင်း,၁၈၆,နှစ်အတွင်း,မှာ,အဆိုးရွားဆုံးဖြစ်တယ်,လို့,ပညာရှင်,တွေ,က,ထောက်ပြပါတယ်,။,,,,,,,,,,,,,,,,,,,,,,,,,,,,,,,,,,,,,,,,,,
ကျောက်ဖြူ,မှာ,တိုက်ပွဲပြင်းထန်,,,,,,,,,,,,,,,,,,,,,,,,,,,,,,,,,,,,,,,,,,,,,,,,,,
လတ်တလော,ရှမ်းလူ့အခွင့်အရေးမဏ္ဍိုင်ကဖော်ထုတ်ခဲ့တဲ့,မြေရှားသတ္တုတွင်းတွေမှာ,တရုတ်ကုမ္ပဏီတွေ,အများဆုံး,ပါ,ဝင်နေ,ပြီး,BRI ,စီမံကိန်း,နဲ့,ဆက်စပ်နေတယ်,လို့,SEPT ,တာဝန်ခံစိုင်းခေးဆိုင်,က,ဆိုပါတယ်,။,,,,,,,,,,,,,,,,,,,,,,,,,,,,,,,,,,,
ထား,ဝယ်,ရေနက်ဆိပ်ကမ်း,နဲ့,ဆက်စပ်,တဲ့,လမ်းကြောင်းဖြစ်တယ်,၊,ထိုင်း,နယ်စပ်ကုန်သွယ်ရေး,ကို,ထိန်းချုပ်နိုင်,ဖို့,ထီးခီးဟာစစ်,ကောင်စီ,အတွက်,အရေးပါတယ်,လို့,KNU ,တပ်,မဟာ,၄,ရဲ့အတွင်းရေးမှူးပဒိုအယ်နား,က,ဘီဘီစီ,ကို,ပြောပါတယ်,။,,,,,,,,,,,,,,,,,,,,,,,,,
၂၀၂၁,ခုနှစ်,စစ်အာဏာသိမ်း,ပြီး,မှ,ပေါ်ပေါက်လာ,တဲ့,တော်လှန်ရေး,တပ်တွေ,မှာ,လူငယ်နည်း,ပညာသမားတွေ,ပါ,လာ,ပြီး,ဗီဒီယိုမှတ်တမ်းတင်ဒရုန်းတွေ,ကို,စတင်အသုံးပြုခဲ့ကြပါတယ်,။,,,,,,,,,,,,,,,,,,,,,,,,,,,,,,,,,,
ဟိုတယ်,မှာ,ပဲ,မြန်မာ,အမျိုးသမီးတွေ,ကို,လက်ထပ်ချင်,တဲ့,တရုတ်အမျိုးသားတွေ,နဲ့,တရုတ်ဇနီးလုပ်,ဖို့,စည်းရုံးချိတ်ဆက်,လို့,ရ,တဲ့,မိန်း,က,လေးတွေ,ကို,တွေ့ဆုံ,ဖို့,ပွဲစား,တွေ,က,စီ,စဉ်ပေးတယ်,လို့,ဆိုပါတယ်,။,,,,,,,,,,,,,,,,,,,,,,,
မွတ်ဆလင်လက်နက်ကိုင်တွေ,နဲ့,ပူးပေါင်း,ပြီးတော့,လူသစ်စုဆောင်းတာတွေ,လည်း,လုပ်ခဲ့ပါတယ်,။,,,,,,,,,,,,,,,,,,,,,,,,,,,,,,,,,,,,,,,,,,,,,
အဲဒီလိုသဘာဝဘေးတွေ,အတွက်,မြေပြင်,အထိ,သွားရောက်,ပြီး,အလှူဒါနပြုချိန်,မှာ,လည်း,စစ်ဘက်ရေးရာထောက်လှမ်းရေး,အဖွဲ့တွေ,က,ထပ်ချပ်မကွာ,လိုက်ကြည့်တာ,၊,မေးမြန်းတာတွေ,ကို,ကြုံခဲ့ရပါတယ်,လို့,သူ့,အနီး,ကပ်ဒကာတချို့,က,ပြောပါတယ်,။,,,,,,,,,,,,,,,,,,,,,,,,,,,,
တရုတ်,ရော,စစ်,ကောင်စီ,က,ပါ,ပိတ်ဆို့ခဲ့တာ,ပါ,လို့,TNLA ,တွဲ,ဖက်အထွေထွေအတွင်းရေးမှူး,၂,ဗိုလ်မှူးကြီး,တားပန်,လ,က,ပြောပါတယ်,။,,,,,,,,,,,,,,,,,,,,,,,,,,,,,,,,,,
မန္တလေးတိုင်း၊,ပျော်ဘွယ်မြို့,နဲ့,လေးမိုင်,အကွာလောက်သာဝေး,တဲ့,ပေကုန်းကျေးရွာ,ကို,ရောက်ခဲ့,တဲ့,ကိုမာဝီ,က,အွန်လိုင်းဗီဒီယိုခေါ်ဆို,ပြီး,တစ်ရွာ,လုံးအသုံးပြုနေ,တဲ့,ရေကန်,ရဲ့,ရေအရည်အသွေးပျက်စီးသွား,တဲ့,အခြေအနေ,ကို,ပြသပါတယ်,။,,,,,,,,,,,,,,,,,,,,,,,,,,,,
ရခိုင်ပြည်နယ်,အတွင်း,က,အနောက်ပိုင်း,တိုင်း,စစ်,ဌာန,ချုပ်အ,ပါ,အဝင်စစ်ဆင်ရေးကွပ်ကဲမှုဌာနချုပ်,သုံးခု,နဲ့,တပ်,ရင်း,တပ်ဖွဲ့တွေ,လက်လွှတ်ဆုံးရှုံးရ,တဲ့,နောက်မြို့တော်စစ်တွေ,၊,ကျောက်ဖြူ,နဲ့,မာန်အောင်,မြို့နယ်တွေ,မှာ,ပဲ,စစ်,တပ်,ထိန်းချုပ်မှုဆက်ရှိနေပါတယ်,။,,,,,,,,,,,,,,,,,,,,,,,,
မိန်းမ,မှုပွေတယ်,ဆို,ပြီး,သခင်စိုး,ကို,ပါတီအထွေထွေအတွင်းရေးမှူးရာထူး,က,ချ,တဲ့,အထိ,ဖြစ်လာ,သလို,သခင်သိန်းဖေ,နဲ့,သခင်သန်းထွန်း,ကို,ဘရောက်ဒါဝါဒသယ်မှု,နဲ့,ပါတီဗဟိုကော်မတီ,က,ထုတ်ပယ်လို,တဲ့,သခင်စိုးဆန္ဒကို,မလိုက်လျော,လို့,သူ,နဲ့,နောက်လိုက်လူနည်းစု,က,ပါတီခွဲထောင်,ပြီး,အလံနီကွန်မြူနစ်,ပါ,တီ,လို့,ထင်ရှားလာပါတယ်,။,,,,,,,,,,,,,,,
နောက်ဆုံးရအခြေအနေ,ကို,ကိုကျော်ဇေယျစုစည်းပြောပြပေး,မှာ,ပါ,။,,,,,,,,,,,,,,,,,,,,,,,,,,,,,,,,,,,,,,,,,,,,,,,
အဲဒီ,က,ပဲ,ရွေးကောက်ပွဲကော်မရှင်,ကို,အသစ်ပြန်,ဖွဲ့,မယ်,။,,,,,,,,,,,,,,,,,,,,,,,,,,,,,,,,,,,,,,,,,,,,
မနေ့ညနေပိုင်း,မှာ,ကေအိုင်အေ,နဲ့,ပူးပေါင်းတပ်ဖွဲ့တွေပြန်,ပြီး,မှ,ဒရုန်းလက်နက်ကြီး,နဲ့,ပြန်ပစ်တာရှိပါတယ်,။,,,,,,,,,,,,,,,,,,,,,,,,,,,,,,,,,,,,,,,,,,
ပုဂံဒေသ,က,တော်လှန်ရေး,တပ်တွေ,ရဲ့,ပြောက်ကျားပုံစံထိုးစစ်,ကို,စစ်,တပ်,က,လည်း,ပြန်လည်တုံ့ပြန်မှု,တွေ,ရှိနေပါတယ်,။,,,,,,,,,,,,,,,,,,,,,,,,,,,,,,,,,,,,,,
အဲဒီနောက်အနှစ်,၇,ဝကျော်အတွင်း,မြန်မာနိုင်ငံ,မှာ,ပြည်တွင်းစစ်မီးတောက်လောင်,ပြီး,ဝါဒစုံ,နဲ့,လူ,မျိုးစုံ,တော်လှန်ရေးလှိုင်း,တွေ,ဖုံးခဲ့,သလို,အနှစ်,၆၀,ကျော်စစ်တပ်,ရဲ့,လွှမ်းမိုးအုပ်ချုပ်မှု,နဲ့,အာဏာသိမ်းပွဲတွေ,ကို,ရင်,ဆိုင်ခဲ့ရပါတယ်,။,,,,,,,,,,,,,,,,,,,,,,,,,,,
ဒါပေမဲ့,NUG ,တရားရေး,ဌာန,နဲ့,ကန့်ဘလူ,ပလဖ,တာဝန်ရှိသူ,တစ်ဦး,က,ဘီဘီ,စီ,ကို,၂၀၂၅,မတ်,လအတွင်းဖြေကြားထားတာတွေ,မှာတော့,ဦး,ကျော်ဇော်ပြောဆိုချက်,နဲ့,ကွဲလွဲပါတယ်,။,,,,,,,,,,,,,,,,,,,,,,,,,,,,,,,
၈,လေးလုံး,အရေးအခင်းကာလ,၁၉၈၈,ခုနှစ်,မှာ,တည်ထောင်ခဲ့,တဲ့,မြန်မာနိုင်ငံ,လုံးဆိုင်ရာ,ကျောင်းသား,များဒီမို,က,ရက်,တစ်တပ်,ဦး,ABSDF ,နဲ့,၂၀၂၁,ခုနှစ်,စစ်အာဏာသိမ်း,ပြီးနောက်,ပေါ်ပေါက်လာ,တဲ့,ကျောင်းသား,လက်ရုံးတပ်တော်,SAF ,ကြားလက်တွဲ,ပူးပေါင်းမှုဖြစ်ပါတယ်,။,,,,,,,,,,,,,,,,,,,,,,,
ဂျော့ဆိုးရော့စ်ဟာသူထူထောင်ထား,တဲ့,Open Society Foundation ,ကနေပရဟိတလုပ်ငန်း,တွေ,ကို,ဆယ်စုနှစ်,နဲ့,ချီလုပ်ကိုင်နေတာဖြစ်ပါတယ်,။,,,,,,,,,,,,,,,,,,,,,,,,,,,,,,,,,,,,,,,,,,,
ရေယာဉ်ဟာအလျား,၁၃၅,မီတာ,၊,အနံ,၁၄,ဒသမ,၅,မီတာ,၊,အမြင့်,၉,မီတာ,၊,ရေစူး,၄,ဒသမ,၁,မီတာ,၊,ဝန်,ပြည့်,အလေးချိန်,၃၅၀၀,တန်ရှိ,ပြီး,အမြန်နှုန်း,၁,နာရီ,ကို,ရေ,မိုင်,၃၀,အထိ,မောင်းနှင်နိုင်ပါတယ်,။,,,,,,,,,,,,,,,,,
အရာရှိလိုအပ်ချက်ရှိနေပုံ,ပဲ,လို့,စစ်ရေးအကဲခတ်,တစ်ဦး,က,ဘီဘီ,စီ,ကို,ပြောပါတယ်,။,,,,,,,,,,,,,,,,,,,,,,,,,,,,,,,,,,,,,,,,,,
ဒါပေမဲ့,ကူညီကယ်ဆယ်ရေးလုပ်,တဲ့,လက္ခဏာတော့,မတွေ့ရ,ပါ,ဘူး,။,,,,,,,,,,,,,,,,,,,,,,,,,,,,,,,,,,,,,,,,,,,,,
မျက်နှာ,၊,ပေါင်တွေ,ထိသွားတယ်,။,,,,,,,,,,,,,,,,,,,,,,,,,,,,,,,,,,,,,,,,,,,,,,,,
ထနောင်းမြေစစ်ကြောင်း,ရဲ့,တာဝန်ရှိသူ,ကို,ပစ်ခတ်မှုအခြေအနေ,နဲ့,ပတ်,သက်,ပြီး,မေးမြန်းချိန်,မှာတော့,တော်လှန်ရေး,တပ်ဖွဲ့,က,သွားရောက်ပစ်ခတ်,ပြီးနောက်,စက္ကန့်ပိုင်း,အကြာ,မှာ,ဗုံးကွဲသံကြားလိုက်ရတာ,လို့,ဖြေပါတယ်,။,,,,,,,,,,,,,,,,,,,,,,,,,,,,,,
ရုရှားသမ္မတရုံးကတော့,နှစ်နိုင်ငံ,အကျိုးရှိမယ့်,ရုရှား,မြန်မာ,စီးပွားရေးပူးပေါင်းဆောင်ရွက်ရေး,အပြင်,နိုင်ငံတကာကိစ္စတွေကို,ဆွေးနွေး,ဖို့,ရှိတယ်,လို့,ထုတ်ပြောထားပါတယ်,။,,,,,,,,,,,,,,,,,,,,,,,,,,,,,,,,,,,,,,,
၂၀၂၁,အာဏာသိမ်း,ပြီးနောက်,သူ့မိတ်ဆွေရင်းဒေါ်အောင်ဆန်းစုကြည်အကျဉ်းကျနေချိန်,မှာ,ပက်ထရစ်ရှာကွယ်,လွန်ခဲ့,ပြီး,မြန်မာ,ပြည်ပညာရေးအခက်အခဲအဆိုးဆုံးကြုံနေရချိန်တကွေ့,လည်း,ဖြစ်နေပါတယ်,။,,,,,,,,,,,,,,,,,,,,,,,,,,,,,,,,,,,,,,,,
ထား,ဝယ်,အထူးစီးပွားရေးဇုန်,ကို,အဆင့်မြှင့်တင်တည်ထောင်,ဖို့,ရုရှား,နဲ့,သဘောတူနိုင်ခဲ့တယ်,လို့,စစ်ခေါင်းဆောင်,ဗိုလ်ချုပ်မှူးကြီး,မင်းအောင်လှိုင်,က,ရုရှား,မြန်မာ,စီးပွားရေးဖိုရမ်,မှာ,ပြောခဲ့ပါတယ်,။,,,,,,,,,,,,,,,,,,,,,,,,,,,,,,,,,
ဒီဖြစ်စဉ်အတွင်း,မြန်မာ,အလုပ်သမား,၂,ဦး,နဲ့,ထိုင်း,နိုင်ငံ,သား,၃,ဦး,သေဆုံး,ပြီး,၂၉,ဦး,ထိခိုက်ဒဏ်ရာရတယ်,လို့,ထိုင်း,သတင်း,တွေ,က,ဖော်ပြပါတယ်,။,,,,,,,,,,,,,,,,,,,,,,,,,,,,,,
ဒီအပျက်အစီးပုံအောက်,မှာ,လူဘယ်လောက်ရှိနေသေးလဲ,။,,,,,,,,,,,,,,,,,,,,,,,,,,,,,,,,,,,,,,,,,,,,,,,,,
ငလျင်ဒဏ်မကြုံရခင်ရက်ပိုင်းအလို,၂၀၂၅,ခုနှစ်,မတ်,၂၄,ရက်,မှာ,ကျင်းပ,တဲ့,ဘဏ္ဍာရေးဆိုင်ရာ,ကော်မရှင်,အစည်းအဝေး,မှာ,၂၀၂၅၂၀၂၆,ဘဏ္ဍာနှစ်အတွက်,စစ်သုံးစရိတ်ထပ်တိုးမြှင့်ထားတယ်,လို့,စစ်ခေါင်းဆောင်,ဗိုလ်ချုပ်မှူးကြီး,မင်းအောင်လှိုင်,က,ပြောခဲ့,ပေမဲ့,ဘယ်လောက်တိုးမြှင့်ထားတယ်,ဆိုတာတော့မသိရ,ပါ,ဘူး,။,,,,,,,,,,,,,,,,,,,,,,,,,
အဲဒီဗီဒီယိုဖိုင်,ထဲမှာ,အလယ်,တန်းကျောင်း,နေအရွယ်,မြန်မာ,မိန်း,က,လေးငယ်,၂,ဦး,နဲ့,သူ့မိခင်,ကို,တရုတ်အမျိုးသား,နဲ့,ပွဲစားအမျိုးသမီး,က,တရုတ်,ရဲ့,ဇနီးလုပ်,ဖို့,ဆွဲဆောင်ခဲ့တာတွေ့ရပါတယ်,။,,,,,,,,,,,,,,,,,,,,,,,,,,,,,
ကိုယ့်ရွေးချယ်မှုမဟုတ်ဘဲဖိ,အား,ပေးသွားခိုင်း,လို့,အသက်အန္တရာယ်ထိခိုက်ခဲ့ရင်,မိသားစု,က,လည်း,ဆုံးရှုံးမယ်,။,,,,,,,,,,,,,,,,,,,,,,,,,,,,,,,,,,,,,,,,,,,
စစ်ကောင်စီ,က,နိုင်ငံ,တဝန်းအရေးပေါ်အခြေအနေ,ကို,၆,လ,သက်တမ်းတိုးထားတာလာမယ့်,ဇန်နဝါရီ,လကုန်,မှာ,သက်တမ်းကုန်ဆုံး,ပါ,တော့မယ်,။,,,,,,,,,,,,,,,,,,,,,,,,,,,,,,,,,,,,,,
မြန်မာ,ထိုင်း,နယ်စပ်,၊,ထီးခီးဒေသ,ထဲက,စစ်,တပ်,ရဲ့,ဗျုဟာစခန်း,တစ်ခု,ဖြစ်,တဲ့,ထီးထစခန်း,ကို,ကရင်,အမျိုးသားလွတ်မြောက်ရေးတပ်မတော်,KNLA ,တပ်မဟာ,၄,နဲ့,ပူးပေါင်း,အဖွဲ့တွေ,က,ဧပြီ,၁၉,ရက်,မှာ,သိမ်းခဲ့,ပြီး,အဲဒီစခန်း,က,ဗျူဟာမှူး,ကို,လည်း,အသေဖမ်းမိတယ်,လို့,သိရပါတယ်,။,,,,,,,,,,,,,,
ကျွန်တော်တို့,ရဲ့,စုစည်းညီညွတ်မှု,နဲ့,စာနမှု,ကို,ပြ,ဖို့,လိုအပ်နေပါတယ်,။,,,,,,,,,,,,,,,,,,,,,,,,,,,,,,,,,,,,,,,,,,,
ဒီအကြောင်း,ကို,မစန္ဒာဝင်းက,ပြောပြ,မှာ,ပါ,။,,,,,,,,,,,,,,,,,,,,,,,,,,,,,,,,,,,,,,,,,,,,,,
ဒီ,မှာ,ငလျင်,ကြောင့်,ဘု,ရားကျောင်း,အမိုးတပိုင်းတစ,နဲ့,ခေါင်မိုးချွန်ကြီးပြိုကျပါတယ်,။,,,,,,,,,,,,,,,,,,,,,,,,,,,,,,,,,,,,,,,,,,,
သို့သော်,တကယ့်တကယ်ဒေတာအချက်အလက်,တွေ,အရ,IIMM ,ကုလသမဂ္ဂရဲ့,မြန်မာနိုင်ငံ,ဆိုင်ရာလွတ်လပ်,သော,စုံစမ်းစစ်ဆေးရေးယန္တရား,နဲ့,လည်း,ကျွန်မတို့အစိုးရ,အဖွဲ့တွေ,နဲ့,ပူးပေါင်းဆောင်ရွက်နေတာတွေရှိတော့,ဒီအချက်အလက်ကောက်ယူရေးကိစ္စတွေကနေ,အစပြု,လို့,ပေါ့နော်,၊,ဒီ,နှစ်တစ်နှစ်လုံး,မှာ,နောက်ဆုံးပိတ်အိတ်,နဲ့,လွယ်,လို့,တော့ပြော,လို့,ရတယ်,။,,,,,,,,,,,,,,,,,,,,,
ညဘက်ကြီး,ဆိုတော့,အိပ်ပျော်နေ,တဲ့,သူတွေများ,တာလေ,။,,,,,,,,,,,,,,,,,,,,,,,,,,,,,,,,,,,,,,,,,,,,,,
မြန်မာ,အလုပ်သမား,ငါးယောက်,ကို,တင်ဆောင်လာ,တဲ့,ကားတစ်စီးဟာရထားလမ်း,ကို,ဖြတ်သန်းချိန်ရထားလာခိုက်,နဲ့,ဆုံ,ပြီး,အလုပ်သမား,တွေ,ခုန်ချခဲ့ကြတာဖြစ်ပါတယ်,။,,,,,,,,,,,,,,,,,,,,,,,,,,,,,,,,,,,,,
ဘုန်းဘုန်း,ကို,တစ်ပါး,တည်းထားတော့တခြားသူ,တွေ,နဲ့,စကားပြောခွင့်မရခဲ့ဘူး,။,,,,,,,,,,,,,,,,,,,,,,,,,,,,,,,,,,,,,,,,,,,,,
ဒါပေမဲ့,လုပ်ငန်းအ,များ,စုလည်,ပတ်,နေ,တဲ့,ပုံစံ,က,တရုတ်လုပ်ငန်း,က,မြန်မာ,အထည်ချုပ်လုပ်ငန်း,တစ်ခု,ကို,အော်ဒါအပ်,ပြီး,မြန်မာ,မှာ,ချုပ်လုပ်,ပြီး,တဲ့,ပစ္စည်းကို,တရုတ်,ကို,ပြန်ပို့ကြတာဖြစ်ပါတယ်,။,,,,,,,,,,,,,,,,,,,,,,,,,,
ဒေါ်သက်သက်ခိုင်ဟာ,ပြည်သူ့ရှေ့ဆောင်ပါတီဥက္ကဋ္ဌ,နေရာ,က,နေရွေးကောက်ပွဲပြန်လည်ယှဉ်ပြိုင်,ဖို့,ရှိနေတယ်,လို့,ပါတီဝင်,တစ်ဦး,က,ဘီဘီစီ,ကို,ပြောပါတယ်,။,,,,,,,,,,,,,,,,,,,,,,,,,,,,,,,,,,,,,,
လားရှိုးမြို့ပြင်,မှာ,ကိုးကန့်,တပ်တွေ,တော့ရှိနေမယ်,။,,,,,,,,,,,,,,,,,,,,,,,,,,,,,,,,,,,,,,,,,,,,,,,
ရွေးကောက်ပွဲ,ကို,၂၀၂၅,ခုနှစ်,ဒီဇင်ဘာ,နောက်ဆုံးအ,ပတ်,ဒါ,မှ,မဟုတ်,၂၀၂၆,ခုနှစ်,ဇန်နဝါရီ,ဒုတိယအပတ်,ထဲမှာ,ကျင်းပ,မှာ,ဖြစ်တယ်,လို့,စစ်,ကောင်စီ,က,ပြောထားပါတယ်,။,,,,,,,,,,,,,,,,,,,,,,,,,,,,,
ဒီရထားလမ်းတည်ဆောက်မှု,မှာ,ရုရှားကုမ္ပဏီရဲ့,အကူအညီ,တွေ,လည်း,ပါ,ခဲ့တယ်,လို့,ပအိုဝ်းလူငယ်အစည်းအရုံး,က,ပြောပါတယ်,။,,,,,,,,,,,,,,,,,,,,,,,,,,,,,,,,,,,,,,,,
စစ်တပ်လေကြောင်းတိုက်ခိုက်မှု,က,ခြေမွှလိုက်,တဲ့,ဘဝတွေ,,,,,,,,,,,,,,,,,,,,,,,,,,,,,,,,,,,,,,,,,,,,,,,,
ဒီလိုပညာကောင်းတွေသင်ကြရ,ပေမယ့်,သူ,တို့,မျိုးဆက်ဟာ,ဗိုလ်ချုပ်ကြီး,နေ၀င်းခေတ်,မြန်မာ,ပြည်,မှာ,နိုင်ငံ,ရေးလုပ်ခွင့်မသာဘဲပြည်ပ,က,ပြန်မလာနိုင်သူတွေ,နဲ့,တောခို,ပြီး,စစ်အစိုးရ,ကို,ပုန်ကန်သူ,တွေ,ဖြစ်သွားကြ,တဲ့,မျိုး,ဆက်ဖြစ်ပါတယ်,။,,,,,,,,,,,,,,,,,,,,,,,,,,,
လားရှိုးမြို့ထဲစစ်ကောင်စီအုပ်ချုပ်ရေးအဖွဲ့တွေဝင်ရောက်,,,,,,,,,,,,,,,,,,,,,,,,,,,,,,,,,,,,,,,,,,,,,,,,,,,,
သူ,တို့,တွေ,အပြင်,ဆေးခန်းလာပြ,တဲ့,လူနာ,၊,လူနာစောင့်,နဲ့,ပြည်သူစုစုပေါင်း,၈,ယောက်,သေဆုံး,ပြီး,၆,ယောက်,ဒဏ်ရာရတယ်,လို့,အမျိုးသားညီညွတ်ရေးအစိုးရ,၊,ကျန်းမာရေးဝန်ကြီးဌာန,က,သတင်းထုတ်ပြန်ပါတယ်,။,,,,,,,,,,,,,,,,,,,,,,,,,,,,
စစ်တပ်,ရော,တိုင်း,ပြည်,ကို,ပါ,၁၉,နှစ်,ကြာအုပ်ချုပ်ခဲ့,တဲ့,ဗိုလ်ချုပ်မှူးကြီး,သန်းရွှေ,ရဲ့,အကူးအပြောင်းအ,စီ,အစဥ်,တွေ,ကို,စောဒ,က,တက်ဝံ့သူမရှိဘဲသူတည်ထောင်ထား,တဲ့,ပြည်ထောင်စုကြံ့ခိုင်ရေး,နဲ့,ဖွံ့ဖြိုးရေး,ပါ,တီ,ကို,ပြောင်းရွှေ့,ပြီး,ရွေးကောက်ပွဲဝင်ခဲ့ကြရတာ,ပါ,။,,,,,,,,,,,,,,,,,,,,
ဒီအကြောင်းကိုဇေယျာ,က,ပြောပြပေး,မှာ,ပါ,။,,,,,,,,,,,,,,,,,,,,,,,,,,,,,,,,,,,,,,,,,,,,,,,
အခုလိုစစ်ရေးပြင်းထန်နေ,တဲ့,ဒေသ,တွေ,က,စီမံကိန်းတွေလက်တွေ့အကောင်ထည်ဖော်ဆောင်,ဖို့,ဖြစ်နိုင်ပါ့မလား,။,,,,,,,,,,,,,,,,,,,,,,,,,,,,,,,,,,,,,,,,,,,,
စစ်တပ်,က,လေကြောင်းတိုက်ခိုက်မှု,တွေ,မြန်မြန်ဆန်ဆန်လုပ်လာနိုင်တာဘာ,ကြောင့်,လဲ,,,,,,,,,,,,,,,,,,,,,,,,,,,,,,,,,,,,,,,,,,,,,,
နေပြည်တော်,လွတ်လပ်ရေးပွဲပြည်သူ့စစ်တွေ,နဲ့,လုံခြုံရေးတိုးမြှင့်,,,,,,,,,,,,,,,,,,,,,,,,,,,,,,,,,,,,,,,,,,,,,,,,,
မန္တလေးတိုင်း၊,စဉ့်ကူးမြို့နယ်,မှာ,စစ်,ကောင်စီ,ရဲ့,လေကြောင်းတိုက်ခိုက်မှု,ကြောင့်,ပါချုပ်,ဆရာတော်,ဘဒ္ဒန္တ,ဒေါက်တာနန္ဒမာလာဘိဝံသ,ကမကထ,လုပ်,ပြီး,လှူဒါန်းတည်ဆောက်ထား,တဲ့,မေတ္တာနန္ဒဆေးရုံ,ယက္ကန်းစင်ဆေးရုံ,ကို,ထိမှန်ခဲ့,ပြီး,ဆေးရုံတက်နေ,တဲ့,လူနာတွေ,ထိ,ခိုက်ဒဏ်ရာရရှိခဲ့,တဲ့,အပြင်,ကလေးမွေးဖွား,ပြီး,ခါစအမျိုးသမီး,တစ်ဦး,သေဆုံးခဲ့ပါတယ်,။,,,,,,,,,,,,,,,,,,
ထိုင်း,က,တော့မြန်မာ့အရေး,ကို,တဖြည်းဖြည်းချင်းနားချချဥ်းကပ်,ပြီး,ဖြေရှင်းချင်တဲ့ဆန္ဒရှိတယ်။,,,,,,,,,,,,,,,,,,,,,,,,,,,,,,,,,,,,,,,,,,,,,,
နိုင်ငံ,ရေးနည်း,ဖြေရှင်း,ဖို့,ပြောခဲ့,တဲ့,တပ်မဟာ,၇,မှာ,ပါ,အပစ်ရပ်စဲရေးသဘောတူစာချုပ်,NCA ,ကိုယုံကြည်မှုမရှိတော့ဘဲလက်နက်ကိုင်နည်း,နဲ့,သာဖြေရှင်း,ဖို့,ဆုံးဖြတ်လိုက်တာ,လို့,CDM ,ဗိုလ်,ကြီးဇင်ယော်,က,ထောက်ပြပါတယ်,။,,,,,,,,,,,,,,,,,,,,,,,,,,,,,
ဒါ,ကြောင့်,အာဏာသိမ်း,၃,နှစ်,ကျော်အတွင်း,မှာ,ပဲ,ငွေစက္ကူရိုက်ထုတ်နှုန်းဟာ,၈,ဆကျော်ပို,များ,နေတယ်,လို့,NUG ,ရဲ့ထုတ်ပြန်ချက်,အရ,နားလည်ရပါတယ်,။,,,,,,,,,,,,,,,,,,,,,,,,,,,,,,,,,,
မြေရှားသတ္တုတွေထဲကမှ,ဒိုင်စပိုစီယမ်,Dysprosium,Dy ,နဲ့,တာဘီယမ်,Terbium,Tb ,ကိုပိုရချင်ကြတယ်,လို့,စိုင်းခေးဆိုင်,က,ပြောပါတယ်,။,,,,,,,,,,,,,,,,,,,,,,,,,,,,,,,,,,,,,,,
၁၀၂၇,စစ်ဆင်ရေးစလာ,ပြီးတော့,အပိုင်း,၂,ပိုင်းစ,လုံး,မှာ,TNLA ,ထိန်းချုပ်နိုင်,တဲ့,မြို့,၊,ရွာတွေ,၊,နယ်ပယ်,တွေ,ရှိလာပါတယ်,။,,,,,,,,,,,,,,,,,,,,,,,,,,,,,,,,,,
တချို့ကုမ္ပဏီတွေကတော့,ပြန်မတူးတော့ဘဲတခြားနေရာ,ကို,တူး,ပြီး,တဲ့,အ,ခါ,ထွက်လာ,တဲ့,မြေစာပုံတွေ,ကို,အစော,က,ကန်,ဖြစ်ပြီး,ကျန်ခဲ့,တဲ့,နေရာ,မှာ,ပြန်သွန်ကြပါတယ်,။,,,,,,,,,,,,,,,,,,,,,,,,,,,,,,,
ငလျင်,ကြောင့်,ကွဲအက်ထား,တဲ့,မြေလွှာပြတ်ကြောင်းကြီး,က,ရွာ,တစ်လျှောက်,သာမက,ပေကုန်းရွာ,ရဲ့,ရေကန်အလယ်,ကို,ပါ,ဖြတ်သန်းသွားပါတယ်,။,,,,,,,,,,,,,,,,,,,,,,,,,,,,,,,,,,,,,
ဒီလင့်ခ်ဗွီအိုအေ,နဲ့,အာအက်ဖ်အေ,တို့,အပေါ်တိုက်ရိုက်သက်ရောက်လာ,တဲ့,သမ္မတထရမ့်ရဲ့,အမိန့်သစ်ကနေဝင်ရောက်ဖတ်ရှုနိုင်ပါတယ်,။,,,,,,,,,,,,,,,,,,,,,,,,,,,,,,,,,,,,,,,,,,,,
ဒေါ်အောင်ဆန်းစုကြည်,ကို,စစ်,တပ်,က,အမှု,၁၉,မှု,နဲ့,ထောင်,၃၃,နှစ်,ချထားတာ,ပါ,။,,,,,,,,,,,,,,,,,,,,,,,,,,,,,,,,,,,,,,
ဧရာဝတီ,က,စစ်,တပ်,ရဲ့,နတခဌာနချုပ်,ကို,အေအေခြိမ်းခြောက်နေသလား,,,,,,,,,,,,,,,,,,,,,,,,,,,,,,,,,,,,,,,,,,,,,
ကျောက်ဆည်မြို့မဈေး,လည်း,ပိတ်ထားပါတယ်,။,,,,,,,,,,,,,,,,,,,,,,,,,,,,,,,,,,,,,,,,,,,,,,,,,
ပြည်သူ့ကာကွယ်,ရေးတပ်ဖွဲ့,PDF ,အ,ပါ,အဝင်တော်လှန်ရေး,ဖွဲ့တွေ,ကို,ဘက်ပြောင်းလာ,ဖို့,စစ်,ကောင်စီ,က,ကမ်းလှမ်းတာဟာတော်လှန်ရေး,ကို,သွေးခွဲရေးနည်းဗျူဟာ,ကို,သုံးနေတာ,လို့,အမျိုးသားညီညွတ်ရေးအစိုးရ,NUG ,ဝန်ကြီးချုပ်ရုံးပြောရေးဆိုခွင့်ရှိသူ,ဦး,နေဘုန်းလတ်,က,ဘီဘီစီ,ကို,ပြောပါတယ်,။,,,,,,,,,,,,,,,,,,,,,,,,
ပြည်တွင်းစစ်,ထဲက,လက်နက်စျေးကွက်,,,,,,,,,,,,,,,,,,,,,,,,,,,,,,,,,,,,,,,,,,,,,,,,,,
ဝပြည်သွေးစည်းညီညွတ်ရေးတပ်မတော်,UWSA ,ကိုဆက်သွယ်မေးမြန်းနိုင်,ဖို့အတွက်,လည်း,ဆက်ဆံရေးအရာရှိဦးညီရမ်း,ကို,ဆက်သွယ်မေးမြန်းထား,ပေမဲ့,ပြန်လည်ဖြေကြားတာမရှိသေး,ပါ,ဘူး,။,,,,,,,,,,,,,,,,,,,,,,,,,,,,,,,,,,,,,,,,
တစ်ဖက်,မှာ,လည်း,လူကုန်ကူးမှုတွေ,မှာ,ပံ့ပိုးကူညီ,လို့,ဆို,တဲ့,စွဲချက်,နဲ့,ဗိုလ်မှူးကြီး,စောချစ်သူ,ကို,ယူကေ,က,ဒဏ်ခတ်ပိတ်ဆို့ထားပါတယ်,။,,,,,,,,,,,,,,,,,,,,,,,,,,,,,,,,,,,
စစ်ကောင်စီပျက်ကျခဲ့ရ,တဲ့,လေယာဉ်တရုတ်ထုတ်F,7,လေယာဉ်ဖြစ်,,,,,,,,,,,,,,,,,,,,,,,,,,,,,,,,,,,,,,,,,,,,,,,,
ဘားအံမြို့အင်းလေးလမ်း,မှာ,ဆို,ရင်,လှေ,နဲ့,သွားရ,တဲ့,အထိ,လမ်း,တွေ,မှာ,ရေတွေ,ပြည့်,နေ,သလို,ချစ်သူလမ်းကြား,၊,ကြားအင်းဆေးရုံလမ်းတွေ,လည်း,ရေကျော်နေ,တဲ့အတွက်,ကားတွေဖြတ်သန်း,လို့,မလွယ်တော့ဘူး,လို့,လည်း,သိရပါတယ်,။,,,,,,,,,,,,,,,,,,,,,,,,
မိုးတွင်းမရောက်ခင်မိသားစုဆုံးရှုံးခဲ့ရ,တဲ့,သူ,တွေ,အတွက်,အပျက်အစီးပုံအောက်,မှာ,ပိမိနေ,တဲ့,အလောင်းတွေကုန်စင်အောင်ထုတ်ပေး,ဖို့,မိသားစုဝင်,တွေ,က,ဆန္ဒရှိနေကြပါတယ်။,,,,,,,,,,,,,,,,,,,,,,,,,,,,,,,,,,,,,,
အခု,စာချုပ်မချုပ်ရတော့ဘူး,ဆိုတော့,ဘာလုပ်ရမှန်းမသိတော့ဘူး,လို့,ဘီဘီစီ,နဲ့,စကားပြောခွင့်ရ,တဲ့,ဂျပန်,ထွက်အလုပ်လုပ်,ဖို့,ပြင်နေ,တဲ့,လူငယ်,တစ်ဦး,က,ပြောပါတယ်,။,,,,,,,,,,,,,,,,,,,,,,,,,,,,,,,,,,
ဖိ,အား,ပေးတယ်,လို့,ဆွေးနွေးပွဲအကြောင်းသိ,တဲ့,သတင်းရင်း,မြစ်,က,ပြောပါတယ်,။,,,,,,,,,,,,,,,,,,,,,,,,,,,,,,,,,,,,,,,,,,
ရခိုင်,က,ဗုဒ္ဓဘာသာဝင်တွေရဲ့,စေ,တီပုထိုးတွေဟာ,လည်း,တောင်အာရှဆန်,တဲ့,ထုကြီးထည်ကြီးဘုရားပုထိုးတွေ,ဖြစ်လို့,တောင်,နဲ့,အရှေ့တောင်အာရှ,ရော,နှောဗိသုကာပုံစံ,တွေ,ဖြစ်ပါတယ်,။,,,,,,,,,,,,,,,,,,,,,,,,,,,,,,,,,,,
သောက်ရေသုံးရေ,နဲ့,အိမ်သာမသန့်,တဲ့,အကြောင်းတွေကျွန်တော်တို့,ကြားနေရတယ်,။,,,,,,,,,,,,,,,,,,,,,,,,,,,,,,,,,,,,,,,,,,,,,,
ဒီလိုသိရှိနေ,ပေမဲ့,စစ်,ကောင်စီတပ်,က,လေကြောင်းတိုက်ခိုက်တိုင်းဘာ,ကြောင့်,လူ,ထိ,ခိုက်သေဆုံးမှုများ,ရတာလဲ,လို့,ဘီဘီ,စီ,က,မေးမြန်းကြည့်ခဲ့ပါတယ်,။,,,,,,,,,,,,,,,,,,,,,,,,,,,,,,,,,,,,
လိင်ပိုင်းဆိုင်ရာကျူးလွန်သူ,၊,အကြမ်းဖက်မှုကျူးလွန်သူတွေ,၊,စော်ကားနှောင့်ယှက်သူတွေ,က,မတောင်းပန်တာ,၊,ဒါ,မှ,မဟုတ်ဝန်ခံတောင်းပန်,ပြီး,ထပ်,ခါ,ထပ်,ခါ,ကျူးလွန်တာ,တွေ,ကို,လည်း,လူမှုရေးပြစ်ဒဏ်လုပ်,ဖို့,ကို,လည်း,တိုက်တွန်းပါတယ်,။,,,,,,,,,,,,,,,,,,,,,,,,,,,
အဲဒီစခန်း,အနီး,မှာ,အမြောက်,ကုန်းရှိတယ်,လို့,KNU ,နဲ့,နီးစပ်သူတယောက်,က,ဘီဘီ,စီ,ကို,ပြောပါတယ်,။,,,,,,,,,,,,,,,,,,,,,,,,,,,,,,,,,,,,,,
တရုတ်ပြည်,အနောက်ပိုင်း,က,နေ,မြန်မာ,ကို,ဖြတ်,ပြီး,ဘင်္ဂလားနဲ့,ပါး,ရှားခေါ်,အီရန်,ကို,သွား,တဲ့,ကုန်သွယ်ရေးလမ်းကြောင်းပေါ်,မှာ,ရှိ,တဲ့,အနောက်,ရိုးမ,ဟိုဘက်ဒီဘက်,က,နှစ်နိုင်ငံ,ဆက်ဆံရေးဖြစ်ပါတယ်,။,,,,,,,,,,,,,,,,,,,,,,,,,,,
PTTEP ,ကုမ္ပဏီ,လုပ်ပိုင်ခွင့်ရ,တဲ့,လုပ်ကွက်,တွေ,ဟာ,ထိုင်း,နိုင်ငံ,ရဲ့,လျှပ်စစ်ဓာတ်,အား,လိုအပ်ချက်,၂၀,ရာခိုင်နှုန်း,ကို,ထုတ်လုပ်ပေးနေတယ်,လို့,Myanmar Energy Monitor ,ကဖော်ပြထားပါတယ်,။,,,,,,,,,,,,,,,,,,,,,,,,,,,,,,,,
ဒီ,၄၀,ရာခိုင်နှုန်းကောက်ခံခြင်း,က,မြန်မာ,အမေရိကန်,နှစ်နိုင်ငံ,ခြား,မှာ,ရှိ,တဲ့,ကုန်သွယ်မှုလိုငွေကွာဟချက်,ကို,ဖယ်ရှားနိုင်,ဖို့,လိုအပ်,တဲ့,ပမာဏထက်လျော့နည်း,နေသေးတယ်,လို့,အိမ်ဖြူတော်,က,ထည့်ပြောပါတယ်,။,,,,,,,,,,,,,,,,,,,,,,,,,,,,,
ဒုတိယဗိုလ်ချုပ်ကြီး,မိုးမြင့်ထွန်းဟာစစ်တပ်,မှာ,နံပါတ်,၆,အဆင့်ရှိ,တဲ့,စစ်,ဦးစီးအရာရှိ,ချုပ်ကြည်းရာထူး,အထိ,ရောက်,ပြီး,မှ,လာဘ်စားမှု,နဲ့,အရေးယူခံခဲ့ရတာဖြစ်ပါတယ်,။,,,,,,,,,,,,,,,,,,,,,,,,,,,,,,,,,,,
အထက်မင်းလှမြို့နယ်,၊,မလွန်မြို့ဟောင်း,အနီး,မှာ,ရှိ,တဲ့,ကပစ,၂,ဟာ,RPG ,ပြောင်း,တွေ,အပြင်,၅.၅၆,ကျည်ဆံတွေ,ထုတ်လုပ်ပါတယ်,။,,,,,,,,,,,,,,,,,,,,,,,,,,,,,,,,,,,
ကျွန်တော်,အရိုက်ခံရတာပေါ့ဗျာ,။,,,,,,,,,,,,,,,,,,,,,,,,,,,,,,,,,,,,,,,,,,,,,,,,,,
တရုတ်နယ်စပ်,က,ကိုးကန့်ဖြစ်စဉ်,နဲ့,ထိုင်း,နယ်စပ်,က,မြဝတီဖြစ်စဉ်,တွေ,မှာ,တူညီ,တဲ့,အချက်အ,များ,အပြားရှိနေပါတယ်,။,,,,,,,,,,,,,,,,,,,,,,,,,,,,,,,,,,,,,
စစ်ကိုင်း,က,လေကြောင်းတိုက်ခိုက်မှု,တွေ,ထဲ,မေ,လ,၁၂,ရက်,ဒီ,ပဲ,ယင်းမြို့နယ်,၊,အိုးတိန်တွင်းရွာစာသင်ကျောင်းတိုက်ခိုက်ခံရမှု,က,အသေအပျောက်အ,များ,ဆုံးဖြစ်ခဲ့ပါတယ်,။,,,,,,,,,,,,,,,,,,,,,,,,,,,,,,,,,,
ပြီး,ခဲ့,တဲ့,၂၀၂၃၂၀၂၄,ဘဏ္ဍာနှစ်မှာ,စစ်ကောင်စီဟာစစ်အသုံးစရိတ်,ကို,ကျပ်,ဘီလီယံ,၅၆၀၀,ကျော်သတ်မှတ်ခဲ့ပါတယ်,။,,,,,,,,,,,,,,,,,,,,,,,,,,,,,,,,,,,,,,,,,
အမေရိကန်သမ္မတ,ဒေါ်နယ်ထရမ့်,က,တော့,DeepSeek ,ဟာ,အမေရိကန်,နည်းပညာနယ်ပယ်,အတွက်,နိုးကြွ,ဖို့,သတိပေးချက်,လို့,ပြောပါတယ်,။,,,,,,,,,,,,,,,,,,,,,,,,,,,,,,,,,,,,,,
ကိုသန့်ဇင်,က,ဆက်ပြောပြ,မှာ,ပါ,။,,,,,,,,,,,,,,,,,,,,,,,,,,,,,,,,,,,,,,,,,,,,,,,
ဒီအကြောင်းကိုကျော်ဇေယျ,က,ပြောပြပေး,ပါ,မယ်,။,,,,,,,,,,,,,,,,,,,,,,,,,,,,,,,,,,,,,,,,,,,,,,,
တရားမဝင်လမ်းကြောင်း,က,အဆင့်ဆင့်ဖြတ်,ပြီး,ပွဲစား,က,တရုတ်နိုင်ငံ,သား,တစ်ဦး,ရဲ့,အိမ်,ကို,ပို့ဆောင်ခဲ့ချိန်ရောက်,မှ,သူ့,ကို,တရုတ်ဇနီးအဖြစ်ရောင်းစားခံရမှန်းသိလိုက်တာ,လို့,မကြည်ပြာ,က,ပြန်ပြောပြပါတယ်,။,,,,,,,,,,,,,,,,,,,,,,,,,,,,,,,
ဒါတွေ,က,ငလျင်,ရဲ့,အကျိုးဆက်တွေ,ပါ,ပဲ,လို့,ဇ,လ,ဘူမိပညာရှင်,ဦး,မြင့်သိန်း,က,ပြောပါတယ်,။,,,,,,,,,,,,,,,,,,,,,,,,,,,,,,,,,,,,,
မြန်မာ,ဟာ,၂၀၂၃,ခုနှစ်,မှာ,လွတ်လပ်စွာထုတ်ဖော်ပြောဆိုခွင့်မရှိဆုံး,နိုင်ငံ,၁၀,နိုင်ငံ,ထဲပါဝင်နေတာ,လည်း,ဖြစ်ပါတယ်,။,,,,,,,,,,,,,,,,,,,,,,,,,,,,,,,,,,,,,,,,
ဒါကြောင့်,အရှုံးပေါ်နိုင်,တဲ့,ခန့်မှန်း,နှစ်ကာလ,ထက်,၂,နှစ်စော,ပြီး,အမြတ်အစွန်းရခဲ့တယ်,လို့,နားလည်ရပါတယ်,။,,,,,,,,,,,,,,,,,,,,,,,,,,,,,,,,,,,,,,,,
အဲဒီဒေသ,က,လူထု,တွေ,ကို,ငလျင်,နဲ့,ပတ်,သက်,တဲ့,အသိပညာတွေမျှဝေပေး,ဖို့,လိုတယ်,၊,ဘယ်လိုအကာအကွယ်ယူရမလဲဆိုတာ,တွေ,လူထု,က,သိထား,ဖို့,လိုတယ်,လို့,ငလျင်ပညာရှင်,တချို့,က,ပြောပါတယ်,။,,,,,,,,,,,,,,,,,,,,,,,,,,
ငလျင်ကာလ,နဲ့,သတိထားစရာသတင်းမှား,များ,,,,,,,,,,,,,,,,,,,,,,,,,,,,,,,,,,,,,,,,,,,,,,,,,
Justice for Myamar JFM ,ဟာ,မြန်မာ,စစ်တပ်,ရဲ့,စီးပွားရေးလုပ်ငန်း,တွေ,နဲ့,လူ့အခွင့်အရေးချိုးဖောက်မှုတွေ,ကို,စောင့်ကြည့်သုတေသနပြုနေ,တဲ့,နိုင်ငံတကာအဖွဲ့,အစည်းဖြစ်ပါတယ်,။,,,,,,,,,,,,,,,,,,,,,,,,,,,,,,,,,,,,,,
မန္တလေးမြို့ပေါ်က,မိုးကာဆိုင်တစ်ဆိုင်,ကို,ဘီဘီ,စီ,က,မေးမြန်း,ဖို့,ဖုန်းဆက်ချိန်,မှာ,တောင်ဝယ်ယူသူတွေများပြားနေ,တဲ့,အသံ,ကို,ကြားနေရ,ပြီး,ပြန်လည်ဖြေကြား,ဖို့,မ,အား,လပ်ခဲ့,ပါ,ဘူး,။,,,,,,,,,,,,,,,,,,,,,,,,,,,,,
ဗိုလ်ချုပ်မှူးကြီး,မင်းအောင်လှိုင်,တစ်ယောက်,ရွေးကောက်ပွဲအလွန်,မှာ,သမ္မတလုပ်မယ်ဆိုတဲ့အကြောင်းက,စစ်ရုံး,မှာ,အားလုံးသိ,တဲ့,လျှို့ဝှက်ချက်ဖြစ်နေ,ပါ,ပြီ,။,,,,,,,,,,,,,,,,,,,,,,,,,,,,,,,,,,,,,,,
ကိုကိုးကျွန်း,မှာ,အကျဉ်းကျချိန်အသက်,၂၀,ကျော်,မှာ,မိခင်လူထုဒေါ်အမာရေး,တဲ့,ရွှေမန်းတင်မောင်စာအုပ်,ကို,ဝေဖန်ချက်ရေးခဲ့,တဲ့,ဦး,ဖိုးသံဟာဖိုးသံလူထု,၊,ဗသြ,၊,ယာတော,က,သာဗြော,စတဲ့,ကလောင်အ,မည်,တွေ,နဲ့,မိုးကြိုး,၊,ခေတ်ပြိုင်,၊,မာယာ,စတဲ့,မြန်မာ,စာစောင်တွေ,မှာ,ပေါ်ထွက်လာပါတယ်,။,,,,,,,,,,,,,,,,,
လူသိများ,တဲ့,စစ်,ကောင်စီ,ရဲ့,ခြေမြန်တပ်တွေဖြစ်,တဲ့,တပ်,မ,၆၆,နဲ့,၇၇,အခြေစိုက်ရာ,ပဲခူး,တိုင်းဟာအခုတော့တော်လှန်ရေးတပ်တွေ,ရဲ့,စစ်ရေးအရှိန်မြှင့်ထိုးစစ်ဆင်မှု,တွေ,နဲ့,ရင်,ဆိုင်နေရ,ပါ,ပြီ,။,,,,,,,,,,,,,,,,,,,,,,,,,,,,,
တရုတ်နိုင်ငံ,အနေ,နဲ့,ဒေသတွင်း,နဲ့,နိုင်ငံတကာမျက်နှာစာ,မှာ,မြန်မာနိုင်ငံ,ဘက်,က,ရပ်တည်ပေး,တဲ့အတွက်,ကျေးဇူးတင်တယ်,လို့,ဗိုလ်ချုပ်မှူးကြီး,မင်းအောင်လှိုင်,က,ပြောပါတယ်,။,,,,,,,,,,,,,,,,,,,,,,,,,,,,,,,,,,
မြို့အများစုဟာကိုးကန့်တပ်,MNDAA,၊,တအာင်းတပ်,TNLA ,နဲ့,အာရက္ခတပ်တော်,AA ,တို့,ဦး,ဆောင်,တဲ့,၁၀၂၇,စစ်ဆင်ရေး,နဲ့,အတူသိမ်းပိုက်ထားတာဖြစ်,သလို,နိုင်ငံ,ရဲ့,ဒေသအ,များ,စု,မှာ,နယ်မြေပိုင်ဆိုင်သူအစုအဖွဲ့တွေ,လည်း,အပြောင်းအလဲဖြစ်လာပါတယ်,။,,,,,,,,,,,,,,,,,,,,,,,,,,
ဗိုလ်မှူးကြီး,စောချစ်သူ,နဲ့,ကျားဖြန့်စီးပွားရေး,တွေ,ဆက်စပ်တယ်ဆို,ပြီး,ထပ်မံဖော်ထုတ်ခံရ,,,,,,,,,,,,,,,,,,,,,,,,,,,,,,,,,,,,,,,,,,,,,
ဒီပုဒ်မ,အတိုင်း,ဆို,၂၀၂၂,အတွင်း,နှစ်ကြိမ်,တိုးခဲ့တာ,ကြောင့်,သာမန်ဆို,ရင်,ထပ်တိုး,လို့,မရဘူး,လို့,နားလည်ထားကြပါတယ်,။,,,,,,,,,,,,,,,,,,,,,,,,,,,,,,,,,,,,,
ဘာ,လို့,ဆိုကျွန်တော်တို့,က,ပဋိပက္ခထဲမှာ,ရှိနေတာ,ပါ,။,,,,,,,,,,,,,,,,,,,,,,,,,,,,,,,,,,,,,,,,,,,,,
USAID ,ရဲ့အဲဒီအစီအစဥ်တွေဟာတီဘီ,ရော,ဂါကာကွယ်ရေး,နဲ့,ကုသရေးလုပ်ငန်းတွေ,အတွက်,အဓိ,က,ထောက်ပံ့ခဲ့တာဖြစ်ပါတယ်,။,,,,,,,,,,,,,,,,,,,,,,,,,,,,,,,,,,,,,,,,,,
ဗိုလ်ချုပ်မှူးကြီး,မင်းအောင်လှိုင်ဟာသူ့,ရဲ့,တပ်,ချုပ်ရာထူး,၁၃,နှစ်,အတွင်းစစ်,ဗိုလ်,ချုပ်ဒါဇင်ပေါင်း,များ,စွာ,ကို,အပြောင်းအလဲ,လုပ်ခဲ့,သလို,သူယုံကြည်ရနိုင်,တဲ့,ဗိုလ်,ချုပ်တချို့,ကို,လည်း,ရှာဖွေနေခဲ့ပါတယ်,။,,,,,,,,,,,,,,,,,,,,,,,,,,,,,
ပိတ်ခံထားရ,တဲ့,ဘဏ်အကောင့်,တွေ,ကို,ဘယ်ကာလ,အထိ,ပိတ်ထားပိတ်ထားမယ်ဆိုတာ,ကို,တော့,ထိုင်း,ဘဏ်တွေ,က,မထုတ်ပြန်,သလို,ထိုင်း,အာဏာပိုင်တွေ,က,အသိပေးထားတာ,မျိုး,လည်း,မရှိ,ပါ,ဘူး,။,,,,,,,,,,,,,,,,,,,,,,,,,,,,
လူစုမကွဲ,စေ,ရ,။,,,,,,,,,,,,,,,,,,,,,,,,,,,,,,,,,,,,,,,,,,,,,,,,,
ဇွန်,လ,၁၀,ရက်,တုန်း,က,လည်း,စစ်ကိုင်း,တိုင်း,ပုလဲ,မြို့နယ်,ထဲမှာ,တရုတ်ထုတ်F,7,တိုက်လေယာဥ်ပစ်ချခံခဲ့ရ,ပါ,သေးတယ်,။,,,,,,,,,,,,,,,,,,,,,,,,,,,,,,,,,,,
နောက်ပတ္တရားမှာ,တရုတ်အချင်းချင်းသတ်,ပြီး,မြဝတီ,ကို,ထွက်ပြေးလာတုန်း,က,လည်း,ကျွန်တော်တို့,ဖမ်းဆီးပေးခဲ့ပါတယ်,။,,,,,,,,,,,,,,,,,,,,,,,,,,,,,,,,,,,,,,,,,,
ရုရှား,အပေါ်မှီခိုနေရ,တဲ့,စစ်လက်နက်,နဲ့,စစ်နည်း,ပညာတွေ,အပြင်,၊,နှစ်နိုင်ငံ,ကြား,မှာ,စီးပွားရေး,နဲ့,ရင်းနှီးမြှုပ်နှံမှု,တွေ,ပိုတိုးလုပ်,ဖို့,နဲ့,လိုအပ်နေ,တဲ့,နိုင်ငံရေးထောက်ခံမှုတွေရ,ဖို့အတွက်,ပဲ,ဖြစ်ပါတယ်,။,,,,,,,,,,,,,,,,,,,,,,,,,,,
စစ်ကောင်စီဘက်,က,ဘယ်လိုပုံစံ,နဲ့,ဖြန့်ဝေထောက်ပံ့နေတာ,ပါ,လဲ,။,,,,,,,,,,,,,,,,,,,,,,,,,,,,,,,,,,,,,,,,,,,,,
ဒီမြို့,မှာ,ပဲ,ရှေးဟောင်းနံရံဆေးရေးတွေရှိ,တဲ့,ကျောက်တော်ကြီးဘုရား,နဲ့,လှပ,တဲ့,နဂါးရုံဘုရား,ရှိ,သလို,ဧရာ,၀,တီမြစ်ကမ်းနံဘေး,က,ရွှေကြက်ယက်,၊,ရွှေကြက်ကျဘု,ရားတွေ,ရဲ့,ရှုခင်း,က,လည်း,ကျော်ကြားပါတယ်,။,,,,,,,,,,,,,,,,,,,,,,,,,,,
ဦးဇင်း,တို့,က,တော့သူ့,ကို,စူဠ,သော,တာပန်,နဲ့,မဟာ,သော,တာပန်အဆင့်ဆို,ပြီး,အ,မည်,တပ်တာမျိုး,မလုပ်ချင်ဘူး,။,,,,,,,,,,,,,,,,,,,,,,,,,,,,,,,,,,,
၄၁,ဦး,သေဆုံးခဲ့ရ,ပြီး,အပြင်းအထန်ဒဏ်ရာရခဲ့,တဲ့,ကလေး,နဲ့,အမျိုးသမီး,တွေ,အ,ပါ,အဝင်ထိခိုက်သူ,၅၂,ယောက်,ကို,ကုသမှုပေး,ဖို့,တော့ကယ်ဆယ်ရေးအဖွဲ့တွေ,မှာ,ဆေးဝါးအခက်အခဲ,တွေ,ကြုံနေရပါတယ်,။,,,,,,,,,,,,,,,,,,,,,,,,,,,,,
ကရင်ပြည်နယ်,နဲ့,ထိုင်း,နယ်စပ်တလျှောက်,မှာ,ရှိနေ,တဲ့,စစ်,ကောင်စီတပ်,စခန်း,တွေ,ကို,ဆက်တိုက်ထိုးစစ်ဆင်သိမ်းယူနေ,တဲ့,KNU ,ရဲ့စစ်ရေးရည်ရွယ်ချက်ဘယ်လိုရှိနေ,ပါ,လဲ,။,,,,,,,,,,,,,,,,,,,,,,,,,,,,,,,,,,
ရှမ်းပြည်နယ်,မြောက်ပိုင်း,ကတအာင်းတပ်,TNLA ,ထိန်းချုပ်ထား,တဲ့,မိုးကုတ်အ,ပါ,အဝင်မြို့,၁၂,မြို့,မှာ,လုံခြုံရေး,တပ်ဖွဲ့တွေဖွဲ့,စည်း,ဖို့,တချို့မြို့တွေ,မှာ,လူစာရင်းစကောက်နေ,ပြီ,လို့,ဒေသခံ,တွေ,က,ဘီဘီစီ,ကို,ပြောပါတယ်,။,,,,,,,,,,,,,,,,,,,,,,,,,
နောက်,က,ကား,က,Jammer ,ကားဆို,ပြီး,တော်လှန်ရေး,အဖွဲ့,ဝင်,တွေ,က,ကားဆီ,ကို,ဦး,တည်ပြေးသွားကြပါတယ်,။,,,,,,,,,,,,,,,,,,,,,,,,,,,,,,,,,,,,
ဓာတ်ပုံမှတ်တမ်းတွေ,နဲ့,ထုတ်ပြန်လာ,တဲ့,အထဲဗုံးကျရောက်ပေါက်ကွဲ,လို့,ဆိုးဆိုးရွားရွားအခြေအနေ,နဲ့,သေဆုံးကြတာတွေ့ရပါတယ်,။,,,,,,,,,,,,,,,,,,,,,,,,,,,,,,,,,,,,,,,,,,,
အဲဒီပွဲ,ကို,ထိုင်း,ဝန်ကြီးချုပ်,ပေ,ထုန်တန်,နဲ့,စစ်ကောင်စီပို့ဆောင်ရေးဝန်ကြီး,ဗိုလ်ချုပ်ကြီး,မြထွန်းဦး,လည်း,တက်ရောက်ခဲ့ပါတယ်,။,,,,,,,,,,,,,,,,,,,,,,,,,,,,,,,,,,,,,,,,
မညိုလဲ့ရည်,က,ပြောပြေပေး,မှာ,ပါ,။,,,,,,,,,,,,,,,,,,,,,,,,,,,,,,,,,,,,,,,,,,,,,,,
အဲဒီနောက်ပါဠိတော်,နဲ့,အဋ္ဌကထာတွေရဲ့,အနက်,ကို,ဖွင့်ဟ,တဲ့,ဋီကာကျမ်းတွေ,ကို,၁၉၆၀,က,နေ,၁၉၆၂,ဖေဖော်ဝါရီ,လ,၁၆,ရက်,ထိ,ဆက်,ပြီး,သင်္ဂါယနာ,တင်ခဲ့ပါတယ်,။,,,,,,,,,,,,,,,,,,,,,,,,,,,,,,
NCA ,လက်မှတ်ရေးထိုးထား,တဲ့,တိုင်း,ရင်းသားလက်နက်ကိုင်,၇,ဖွဲ့,ပါ,တဲ့,7,EAO Alliance ,ကို,၂၀၂၄,ခုနှစ်,က,ဖွဲ့စည်းခဲ့,ပြီး,အဲဒီ,အဖွဲ့,ထဲမှာ,RCSS ,ဥက္ကဋ္ဌ,ဗိုလ်ချုပ်ကြီး,ယွက်ဆစ်,က,ခေါင်းဆောင်အဖြစ်တာဝန်ယူထားတာဖြစ်ပါတယ်,။,,,,,,,,,,,,,,,,,,,,,,,,,,
မြန်မာ,ပြည်ဟာပုဂံမင်းဆက်လက်ထက်နေ,၁၉,ရာစု,ထိ,အ,နှစ်ရာ,ချီ,ပြီး,မြေရှင်,ပဒေသရာဇ်စနစ်,ထဲမှာ,ပိတ်မိနေ,တဲ့,အာရှတိုက်,ရဲ့,ထောင့်စွန်းတ,ခု,ဖြစ်ပါတယ်,။,,,,,,,,,,,,,,,,,,,,,,,,,,,,,,,,,
မြန်မာ,နယ်စပ်,က,အွန်လိုင်းငွေလိမ်လုပ်ငန်း,တွေ,ကို,နှိမ်နှင်း,ဖို့အတွက်,လျှပ်စစ်မီးဖြတ်တောက်တာ,တွေ,၊,ဘဏ်လုပ်ငန်းဆိုင်ရာတင်းကြပ်,တဲ့,စည်းမျဉ်းတွေ,အပြင်,၊,ဗီဇာထုတ်ပေးမှု,တွေ,ကို,လည်း,တင်း,ကျပ်,သွားမယ်ဆို,ပြီး,ထိုင်း,အာဏာပိုင်တွေ,က,ပြောကြားလာပါတယ်,။,,,,,,,,,,,,,,,,,,,,,,,,
ရွေးကောက်ပွဲဥပဒေတတိယအကြိမ်ပြင်ဆင်,ပြဋ္ဌာန်း,,,,,,,,,,,,,,,,,,,,,,,,,,,,,,,,,,,,,,,,,,,,,,,,,,,
အလောင်းတွေ,က,ပြတ်ထွက်ကုန်တာ,တွေ,တောင်ရှိတယ်,။,,,,,,,,,,,,,,,,,,,,,,,,,,,,,,,,,,,,,,,,,,,,,,,
၂၀၂၁,ခုနှစ်,စစ်အာဏာသိမ်း,ပြီး,တဲ့,နောက်နယ်မြေဒေသအများစု,မှာ,လက်နက်ကိုင်တော်လှန်ရေး,တပ်တွေ,ပေါ်ပေါက်လာခဲ့,ပြီး,ကျောင်းသားသမဂ္ဂနဲ့,ကျောင်းသား,အရေးလှုပ်ရှား,တဲ့,လူငယ်,တွေ,က,ဦးဆောင်နေတာ,ကြောင့်,လူငယ်,မျိုး,ဆက်စုစည်း,အား,ကောင်း,ဖို့,လို,ပြီ,လို့,ABSDF ,ကသူ့သဘောထား,ကို,ထုတ်ပြောပါတယ်,။,,,,,,,,,,,,,,,,,,,
မွေးဖွားနှုန်းကျဆင်းခြင်း,၊,အကြောင်းအမျိုးမျိုး,ဖြင့်,ပြည်ပ,နိုင်ငံတွေ,ကို,ထွက်ခွာသူများပြားလာခြင်း,၊,အကြောင်းအမျိုးမျိုး,ဖြင့်,သေဆုံးမှု,တွေ,ရှိခဲ့,လို့,အခုလိုကျဆင်းတာ,လို့,ဗိုလ်ချုပ်မှူးကြီး,မင်းအောင်လှိုင်,က,ပြည်ထောင်စုအဖွဲ့အစည်းအဝေး,မှာ,ပြောပါတယ်,။,,,,,,,,,,,,,,,,,,,,,,,,,,,,,
မြန်မာ,ပြီး,ရင်,ယူကရိန်း,က,ရုရှား,နဲ့,စစ်ပွဲ,မှာ,သရီးဒီနည်းပညာသုံး,ပြီး,စစ်လက်နက်တွေထုတ်လုပ်တာ,က,ကျော်ကြားပါတယ်,။,,,,,,,,,,,,,,,,,,,,,,,,,,,,,,,,,,,,,,
ရေတိုက်စား,ပြီး,ကမ်း,ပါး,ပြိုကျသွား,လို့,နေအိမ်တွေရေမျောသွားချိန်,မှာ,လူတချို့,လည်း,နေအိမ်,နဲ့,အတူမျော,ပါ,သွား,ပေမဲ့,အသက်သေဆုံးတာမရှိခဲ့ဘူး,လို့,ပြောပါတယ်,။,,,,,,,,,,,,,,,,,,,,,,,,,,,,,,,,,
၂၀၂၄,ခုနှစ်,၊,နိုဝင်ဘာ,လအတွင်းအေအေ,က,ထိုးစစ်ဆင်သိမ်းပိုက်ခဲ့,တဲ့,တောင်ကုတ်,၊,အမ်း,နဲ့,ကျောက်ဖြူ,မြို့နယ်,ထဲက,စစ်ရှောင်,တစ်သောင်း,ဝန်းကျင်ဟာနေရပ်မပြန်နိုင်သေးဘဲရမ်းဗြဲဘက်,မှာ,စစ်ရှောင်နေထိုင်နေကြတာဖြစ်ပါတယ်,။,,,,,,,,,,,,,,,,,,,,,,,,,,,,,,,,
ဘောဓိရွာဟာစစ်ကောင်စီတပ်,ရဲ့,ဂိတ်,နှစ်,ဂိတ်ကြား,မှာ,တည်ရှိ,ပြီး,ဗေဒါစစ်ဆေးရေးဂိတ်,နဲ့,ငါးမိုင်,သာကွာ,ဝေးပါတယ်,။,,,,,,,,,,,,,,,,,,,,,,,,,,,,,,,,,,,,,,,
ဘီဘီစီရေဒီယို,၊,ရုပ်သံအစီအစဥ်တွေ,ကို,ဂြိုဟ်တု,က,ဖမ်းယူနိုင်,ပြီ,,,,,,,,,,,,,,,,,,,,,,,,,,,,,,,,,,,,,,,,,,,,,
ဂါဇာထဲ,ကို,အကူအညီ,တွေ,ပေးပို့နေဆဲ,ဖြစ်ပြီး,နယ်စပ်ဖြတ်ကျော်နေရာတွေပြန်လည်ဖွင့်လှစ်,တဲ့,မေ,က,စ,လို့,အစားအစာမက်ထရစ်တန်,၂၂၀၀၀,ခန့်ပေးပို့ခဲ့,ပြီ,ပေမဲ့,ဒါဟာလူ,ဦးရေ,နှစ်သန်း,အသက်ရှင်သန်,ဖို့,လိုအပ်,တဲ့,အကူအညီ,ရဲ့,အင်မတန်,ကို,သေးငယ်,တဲ့,အစိတ်အပိုင်းသာဖြစ်တယ်,လို့,WFP ,ကပြောပါတယ်,။,,,,,,,,,,,,,,,,,,
မြန်မာ့နိုင်ငံရေး,နဲ့,ပတ်,သက်,လို့,အလွတ်သဘောဆွေးနွေးပွဲ,တစ်ခု,ကို,ထိုင်း,နိုင်ငံ,မှာ,ကျင်းပနေပါတယ်,။,,,,,,,,,,,,,,,,,,,,,,,,,,,,,,,,,,,,,,,,
လို့,ကုန်းတွင်း,နဲ့,ကမ်းလွန်လုပ်ကွက်ကွာ,ခြားချက်,ကို,မြန်မာနိုင်ငံဘူမိသိပ္ပံအသင်း,အတွင်းရေးမှူး,ဦး,မြတ်ဇော်ကရှင်းပြပါတယ်,။,,,,,,,,,,,,,,,,,,,,,,,,,,,,,,,,,,,,,,,,,,
သူ့,ကို,၂၀၁၀,ပြည့်,နှစ်,၊,ဇွန်,လ,၈,ရက်,နေ့,က,ရခိုင်ပြည်နယ်,၊,မောင်တော,မြို့နယ်,၊,ဖားဝပ်ချောင်း,ရွာ,မှာ,တွေ့ခဲ့တာဖြစ်ပါတယ်,။,,,,,,,,,,,,,,,,,,,,,,,,,,,,,,,
ရွေးကောက်ပွဲဝင်မယ့်ပါတီတွေဖြစ်ကြ,တဲ့,ပြည်ထောင်စုကြံ့ခိုင်ရေး,နဲ့,ဖွံ့ဖြိုးရေး,ပါ,တီ,နဲ့,ပြည်သူ့ရှေ့ဆောင်,ပါ,တီ,PPP ,ဥက္ကဋ္ဌတွေ,ဘယ်လာရုစ်,နဲ့,တရုတ်နိုင်ငံ,တွေဆီ,မေ,လအတွင်း,မှာ,အလည်အ,ပတ်,ခရီး,တွေ,ထွက်ခွာနေကြပါတယ်,။,,,,,,,,,,,,,,,,,,,,,,,,,,,
ဒါ,ကို,ဒီ,နှစ်,အစပိုင်း,မှာ,စစ်ခေါင်းဆောင်,က,လည်း,ထုတ်ပြောထားပါတယ်,။,,,,,,,,,,,,,,,,,,,,,,,,,,,,,,,,,,,,,,,,,,
၂၀၂၁,ခုနှစ်,အာဏာသိမ်း,ပြီး,မှ,ပေါ်,တဲ့,ဆင်ဖြူတော်ကတော့,ရဋ္ဌနန္ဒက,ဖြစ်ပြီး,၂၀၂၂,ဇူလိုင်,လ,၂၃,ရက်,မှာပေါ်ခဲ့ပါတယ်,။,,,,,,,,,,,,,,,,,,,,,,,,,,,,,,,,,,,,
ဗိုလ်ချုပ်မှူးကြီး,မင်းအောင်လှိုင်,က,လူ,တွေ,ကို,မယုံကြည်တတ်သူ,လို့,စစ်ရုံး,မှာ,နာ,မည်,ကြီးပါတယ်,။,,,,,,,,,,,,,,,,,,,,,,,,,,,,,,,,,,,,,,,
မြန်မာ,လေတပ်,မှာ,K,8၂၆,စီး,အထိ,အသုံးပြုနေ,ပြီး,ထပ်,လည်း,အ,မှာ,စာတင်ထားတယ်,လို့,ဘီဘီစီ,က,စုံ,စမ်းသိရှိရပါတယ်,။,,,,,,,,,,,,,,,,,,,,,,,,,,,,,,,,,
တနိုင်း,မှာ,က,ကေအိုင်အေထိန်းချုပ်ထားတာ,ဖြစ်ပြီး,သူ,တို့,စစ်တပ်တွေ,လည်း,မရှိ,ပါ,ဘူး,။,,,,,,,,,,,,,,,,,,,,,,,,,,,,,,,,,,,,,,,,
ဒါပေမဲ့,သူ,တို့,ဖုန်းခေါ်တာ,ကို,သူ,တို့,သူဌေးတွေ,က,တစ်ချိန်,လုံး,စောင့်ကြည့်နေတာ,လို့,ဆိုပါတယ်,။,,,,,,,,,,,,,,,,,,,,,,,,,,,,,,,,,,,,,,
ရှမ်းမြောက်,မှာ,စစ်ရေး,၊,နိုင်ငံ,ရေးဘယ်လိုအခြေအနေ,တွေ,ရှိလာနိုင်,ပါ,သလဲ,။,,,,,,,,,,,,,,,,,,,,,,,,,,,,,,,,,,,,,,,,,,
တိုင်းဒေသကြီး,လေးခု,ကမြို့နယ်,၆,ခု,က,နေ,ICE ,နဲ့,ကတ်တမင်းတွေသယ်ဆောင်,တဲ့,ကွင်းဆက်တရားခံ,၂၆,ဦး,အထိ,ဖမ်းမိခဲ့တာဖြစ်ပါတယ်,။,,,,,,,,,,,,,,,,,,,,,,,,,,,,,,,,,,,,
ဒါ,က,လည်း,နွေရာသီ,အပူချိန်မြင့်,တဲ့,ဧပြီ,လ,ထဲမှာ,ဖြစ်ခဲ့တာ,ပါ,။,,,,,,,,,,,,,,,,,,,,,,,,,,,,,,,,,,,,,,,,,
ကျွန်မ,က,ဒါ,ဆိုတော့,မဖြစ်ဘူး,၊,ငါနင်အိမ်ထောင်ရှိ,ရင်,လက်မခံနိုင်ဘူးပြောတော့သူ,က,ကွာရှင်းတော့,မှာ,မို့,လို့,စောင့်ပေး,ပါ,ဆို,ပြီး,ပြောခဲ့တာ,လို့,မသုသု,က,ပြောပါတယ်,။,,,,,,,,,,,,,,,,,,,,,,,,,,,,,
ရန်ကုန်,ဆေးရုံ,မှာ,ကုသမှုအ,ပြီး,ထောင်အာဏာပိုင်တွေ,ရဲ့,ဆရာတော်,ကျန်းမာရေး,ကို,စိုးရိမ်တယ်,ဆို,တဲ့,ပြောဆိုချက်,ကြောင့်,ထောင်ဆေးရုံ,မှာ,သီးခြား,တစ်ပါး,တည်းသီတင်းသုံးခဲ့ရပါတယ်,။,,,,,,,,,,,,,,,,,,,,,,,,,,,,,,,,
ဒါ,အပြင်,မန္တလေးမှာ,ပြိုကျအဆောက်အဦ,တွေ,ကို,ရှင်းလင်းနိုင်ရေး,လည်း,အခက်အခဲဖြစ်နေ,ပြီး,ပုဂ္ဂလိကရှင်းလင်းလိုသူတွေအတွက်လည်း,အကန့်အသတ်တွေ,ရှိနေတယ်,လို့,သိရပါတယ်,။,,,,,,,,,,,,,,,,,,,,,,,,,,,,,,,,,,,,,
တစ်ဖက်,မှာ,လည်း,ကျောင်းဖွင့်ရာသီ,၆,လ,ပိုင်းအမီစာသင်ကျောင်းတွေပြန်ဖွင့်နိုင်,ဖို့,တိုက်ပွဲ,ကြောင့်,ပျက်စီးသွား,တဲ့,ကျောင်းတွေ,ကို,ပြန်ပြင်ဆင်,ဖို့,ကြိုးစားနေတယ်,လို့,မြေပြင်,မှာ,ရှိ,တဲ့,သူတွေ,က,ပြောပါတယ်,။,,,,,,,,,,,,,,,,,,,,,,,,,,,
လာမယ့်,မတ်,၁,ရက်,မှာ,မလေးလူ,မျိုးတွေ,ရဲ့,ဥပုသ်လစ,ပြီ,။,,,,,,,,,,,,,,,,,,,,,,,,,,,,,,,,,,,,,,,,,,
အထောက်အထားမရှိသူတွေ,လည်း,ပျောက်ဆုံးစာရင်းလာတိုင်,ဖို့,လိုတယ်,လို့,Migrant Working Group MWG ,ကတာဝန်ရှိသူ,တစ်ဦး,ဖြစ်,တဲ့,ကိုစိုင်းထွန်းရွှေ,က,လည်း,ပြောပါတယ်,။,,,,,,,,,,,,,,,,,,,,,,,,,,,,,,,,,,,,,
ဗိုလ်ချုပ်မှူးကြီး,မင်းအောင်လှိုင်,နဲ့,သမ္မတရှီကျင့်ဖျင်တို့,တွေ့ဆုံမှု,မှာ,မြန်မာ,မှာ,လှုပ်ခတ်ခဲ့,တဲ့,အင်,အား,ပြင်းငလျင်,က,အရေး,ပါ,ခဲ့ပါတယ်,။,,,,,,,,,,,,,,,,,,,,,,,,,,,,,,,,,,,
ဒီဇင်ဘာ,၂၀,မှာ,လက်လွှတ်လိုက်ရ,တဲ့,အနောက်ပိုင်း,တိုင်းစစ်ဌာနချုပ်အကြောင်းဆောင်းပါး,ကို,အောက်,ပါ,လင့်ခ်,မှာ,နှိပ်,ပြီး,ဆက်လက်ဖတ်ရှုနိုင်,ပြီ,။,,,,,,,,,,,,,,,,,,,,,,,,,,,,,,,,,,,,
ကရင်ပြည်နယ်,မြဝတီမြို့,ကို,ဦး,တည်,ပြီး,စစ်ရေး,နဲ့,နယ်မြေစိုးမိုးရေး,အတွက်,စစ်ကောင်စီ,ရဲ့,အောင်ဇေယျစစ်ကြောင်း,ကို,တော်လှန်ရေးအင်,အား,စု,တွေ,ဘက်,က,ပိတ်ဆို့ဖြတ်တောက်ထားတာလအတန်ကြာရှိခဲ့,ပါ,ပြီ,။,,,,,,,,,,,,,,,,,,,,,,,,,,,,,
SAF ,ကတော့,ABSDF ,နဲ့,အတူအညာ,နဲ့,မြေလတ်ဒေသတွေ,မှာ,ပူး,တွဲ,ဆောင်ရွက်ဖိုရှိ,မှာ,ပါ,လို့,ဘီဘီစီ,ကို,ပြောပြပါတယ်,။,,,,,,,,,,,,,,,,,,,,,,,,,,,,,,,,,,,
အဲဒီဥပဒေ,အရ,တရုတ်လုံခြုံရေး,ကုမ္ပဏီတွေ,ဝင်ရောက်လာ,ရင်,တရုတ်ဘက်,က,လက်နက်ကိုင်,၃၀,ရာခိုင်နှုန်း,နဲ့,မြန်မာ,က,၇၀,ရာခိုင်နှုန်း,ပါ,ဝင်,မှာ,လို့,သိရပါတယ်,။,,,,,,,,,,,,,,,,,,,,,,,,,,,,,,,
အိန္ဒိယဘက်က,ပစ်ခတ်တာ,နဲ့,ပတ်,သက်,ပြီး,နာဂ,နှစ်ဖွဲ့,စလုံး,က,ဝင်ရောက်စွက်ဖက်တာမတွေ့ရဘူး,။,,,,,,,,,,,,,,,,,,,,,,,,,,,,,,,,,,,,,,,,,
ချောင်ထိုးထား,တဲ့,သဘောဖြစ်နေတယ်,လို့,ဗဟိုအကြံပေး,တစ်ဦး,ရဲ့,မိတ်ဆွေ,တစ်ဦး,က,ပြောပါတယ်,။,,,,,,,,,,,,,,,,,,,,,,,,,,,,,,,,,,,,,,,,,
မြန်မာနိုင်ငံ,သားကိုချစ်နိုင်ထွန်း,နဲ့,သူ့,ရဲ့,လက်တွဲဖော်,ထိုင်း,နိုင်ငံသားဝီတို့ဟာ,ထိုင်း,နိုင်ငံ,မှာ,ဖူးစာဆုံခဲ့ကြပါတယ်,။,,,,,,,,,,,,,,,,,,,,,,,,,,,,,,,,,,,,,,,,
ငလျင်,ရဲ့,သဘောသဘာဝ,အရ,လည်း,အင်,အား,ကြီးငလျင်မလှုပ်ခင်,မှာ,အင်,အား,နည်း,တဲ့,ငလျင်,လေးတွေ,လှုပ်လေ့ရှိပါတယ်,။,,,,,,,,,,,,,,,,,,,,,,,,,,,,,,,,,,,,
ထိုင်း,နိုင်ငံ,မှာ,ဧပြီ,လ,၂,ရက်,က,နေ,၄,ရက်,နေ့,အထိ,ကျင်းပမယ့်,ဘင်္ဂလားပင်လယ်အော်,ပူးပေါင်းဆောင်ရွက်ရေး,အဖွဲ့,ဘင်းမ်စတက်,BIMSTEC ,ထိပ်သီးအစည်းအဝေး,ကို,စစ်ခေါင်းဆောင်,ဗိုလ်ချုပ်မှူးကြီး,မင်းအောင်လှိုင်တက်ရောက်,ဖို့,ရှိနေပါတယ်,။,,,,,,,,,,,,,,,,,,,,,,,,,,
ဒေသခံတချို့,က,တော့ပစ်ခတ်မှု,ကြောင့်,သေဆုံးသွားသူအများစုဟာအသက်,၆၀,ကျော်အရွယ်လူကြီးပိုင်းတွေ,ဖြစ်ပြီး,ပဋ္ဌာန်းပူဇော်ပွဲအတွက်,အစည်းအဝေးလုပ်နေသူ,တွေ,လို့,ပြောဆိုတာတွေ,လည်း,ရှိနေပါတယ်,။,,,,,,,,,,,,,,,,,,,,,,,,,,,,,,,,,,,,,
ဘင်္ဂလားဒေ့ရှ်အစိုးရ,က,မြန်မာနိုင်ငံ,ဆိုင်ရာ,သံအမတ်ကြီး,နဲ့,စစ်,သံမှူး,တို့,ကို,မြို့,တော်ဒါကာကိုပြန်ခေါ်ထားတယ်,လို့,ဘင်္ဂလားဒေ့ရှ်,နိုင်ငံ,ခြားရေးဝန်ကြီး,ဌာန,က,ဘီဘီစီ,ကို,အတည်ပြုပြောဆိုပါတယ်,။,,,,,,,,,,,,,,,,,,,,,,,,,,,,,,,
ဒီအတောအတွင်း,မှာ,ပဲ,စစ်တပ်ရဟတ်ယာဉ်စင်း,ကို,KIA ,နဲ့,ပူးပေါင်းအဖွဲ့တွေ,က,ဒရုန်းတစ်စင်း,နဲ့,ဝင်တိုက်,တဲ့,ရုပ်သံ,တစ်ခု,လည်း,လူမှုကွန်ရက်,ပေါ်ပျံ့နှံ့လာပါတယ်,။,,,,,,,,,,,,,,,,,,,,,,,,,,,,,,,,,,
အခွန်မြှင့်လိုက်တဲအခါကျတော့ပြဿနာ,က,ဘာရှိလဲဆို,ရင်,ပစ္စည်းတွေစျေးကြီးကုန်တာပေါ့။,,,,,,,,,,,,,,,,,,,,,,,,,,,,,,,,,,,,,,,,,,,,,,,,
သိုင်းငင်းဟာချင်း,တောင်ပိုင်း,နဲ့,မြောက်ပိုင်း,လမ်းဆုံ,ဖြစ်ပြီး,ချင်းထဲ,ကို,စိမ့်ဝင်,ဖို့,ဗျူဟာအကျဆုံးနေရာ,တစ်ခု,ဖြစ်ပါတယ်,။,,,,,,,,,,,,,,,,,,,,,,,,,,,,,,,,,,,,,,,
ဒါကြောင့်,ရန်ကုန်,မြို့,ခံ,တွေ,စိုးရိမ်ထိတ်လန့်ခဲ့ကြရပါတယ်,။,,,,,,,,,,,,,,,,,,,,,,,,,,,,,,,,,,,,,,,,,,,,,,
ဒီတိုက်ပွဲတွေ,ကြောင့်,ဒေသခံ,တစ်သောင်း,ဝန်းကျင်စစ်ရှောင်နေရ,သလို,နှစ်ပေါင်းရာ,နဲ့,ချီသက်တမ်းရှိ,တဲ့,ရှေးဟောင်းပုဂံဘု,ရားတွေ,အနီး,ထိ,တိုက်ပွဲတွေဖြစ်လာ,မှာ,ကို,စိုးရိမ်နေကြပါတယ်,။,,,,,,,,,,,,,,,,,,,,,,,,,,,,,,,,,,
ဗိုလ်,ချုပ်မွေးနေ့,မှာ,ပျူစောထီး,ရွာ,နဲ့,ညောင်ဖြူ,ပင်,ရွာ,နား,က,စစ်ကောင်စီတပ်စခန်း,ကို,ဝင်သိမ်းမယ့်သတင်းပေါက်သွားတာ,ကြောင့်,အခုလိုပြင်းပြင်းထန်ထန်တိုက်ခိုက်ခံရတာ,လို့,စစ်ရေးအရင်းအ,မြစ်တွေ,က,ပြောကြတာ,ပါ,။,,,,,,,,,,,,,,,,,,,,,,,,,,,,,,
လူမှုကွန်ရက်,မှာ,ပြန့်နှံ့လာ,တဲ့,ဗွီဒီယိုဖိုင်တွေ,မှာ,ဆို,ရင်,မန္တလေး,ပြင်ဦးလွင်ကားလမ်း,ရဲ့,၁၆,မိုင်,ဂိတ်စစ်ဆေးရေးဂိတ်နား,က,တောင်ပေါ်,က,နေချောင်းရေ,တွေ,ဟာအရှိန်,နဲ့,ကျဆင်းနေ,သလို,ရွာတွေ,ထဲ,ကို,လည်း,စီးဝင်နေတာ,တွေ,တွေ့ရပါတယ်,။,,,,,,,,,,,,,,,,,,,,,,
သူ,တို့,တွေ,ကို,ပြောက်ကျားယူနီဖောင်းဝတ်ထား,တဲ့,လက်နက်ကိုင်,တွေ,လို့,သာရည်ညွှန်းထားပါတယ်,။,,,,,,,,,,,,,,,,,,,,,,,,,,,,,,,,,,,,,,,,,,
တစ်ချိန်တည်း,မှာ,ပဲ,အမျိုးသမီးအရေးလှုပ်ရှားသူတွေ,ကိုယ်တိုင်,လုံခြုံရေး,နဲ့,ခြိမ်းခြောက်ခံရမှုတွေ,ကြောင့်,မြေပြင်ကွင်းဆင်းနိုင်တာ,မျိုး,မရှိသလောက်ဖြစ်သွား,သလို,ဖွင့်ဟတိုင်ကြားသူတွေ,ကို,လည်း,အသက်အန္တရာယ်ခြိမ်းခြောက်မှုတွေရှိလာတယ်လို့,ကိုယ်တိုင်,ကြုံရသူ,တွေ,က,ပြောပါတယ်,။,,,,,,,,,,,,,,,,,,,,,,,,,,,,,,
ဝကတော့ဝပြည်သွေးစည်းညီညွတ်ရေးတပ်မတော်,UWSA ,ကိုတည်ထောင်ပါတယ်,။,,,,,,,,,,,,,,,,,,,,,,,,,,,,,,,,,,,,,,,,,,,,,,,,,
ညောင်ဦးမြို့နယ်အတွင်းတိုက်ပွဲတွေပြောက်ကျားထိုးစစ်တွေရှိ,ပေမဲ့,နယ်မြေစိုးမိုးရေးအပိုင်း,မှာ,ဒေသကာကွယ်,ရေးတပ်တွေဘက်,က,အားကောင်းလာ,တဲ့,အခြေအနေမဟုတ်သေးဘူး,လို့,နားလည်ရပါတယ်,။,,,,,,,,,,,,,,,,,,,,,,,,,,,,,,,,,,,,,,,,
အဲဒီနောက်,မှာတော့,ကျောက်သေတ္တာကြီးကို,ဖောက်ခွဲမယ့်အ,စီ,အစဉ်ပြောင်းသွားခဲ့တာဖြစ်ပါတယ်,။,,,,,,,,,,,,,,,,,,,,,,,,,,,,,,,,,,,,,,,,,,,,,,
ထိုင်း,နဲ့,မြန်မာ,နယ်စပ်ကအွန်လိုင်းငွေလိမ်လုပ်ငန်း,တွေ,ကို,မြန်မာ,၊,ထိုင်း,၊,တရုတ်,၊,သုံးနိုင်ငံ,ပူးပေါင်း,ပြီး,နှိမ်နှင်းနေ,တဲ့,တစ်လ,အအတွင်း,မှာ,ပဲ,လူပေါင်း,၇,ထောင်ကျော်,ကို,ဖမ်းဆီးထားပါတယ်,။,,,,,,,,,,,,,,,,,,,,,,,,,,
ခရစ်ယာန်,ဘာသာ,မှာတော့,နွေ,ဦးကာလနေ့,တာညတာညီမျှမှုကြုံရ,ပြီးနောက်,ပထမ,ဆုံးလပြည့်နောက်ပိုင်းအ,ရင်,ဆုံး,တနင်္ဂနွေမှာ,အီစတာပွဲတော်ကျင်းပလေ့ရှိပါတယ်,။,,,,,,,,,,,,,,,,,,,,,,,,,,,,,,,,,,,,,,,
၂၀၂၄,ခုနှစ်,ဇူလိုင်,၃၁,ရက်,မှာ,အရေးပေါ်အခြေအနေ,ကို,၆,လ,သက်တမ်းတိုးထားတာအခု,ဇန်နဝါရီ,လ,၃၁,ရက်,မှာ,သက်တမ်းကုန်ဆုံး,ပါ,တော့မယ်,။,,,,,,,,,,,,,,,,,,,,,,,,,,,,,,,,,
အခုလိုထွက်ပြေးတာဟာအေအေအဖွဲ့,ရဲ့,ယုံကြည်မှု,ကို,ချိုးဖောက်တာဖြစ်,တဲ့အတွက်,ကျန်,တဲ့,စစ်သုံ့ပန်းတွေ,အတွက်,ပါ,ထိခိုက်,စေ,နိုင်တယ်,လို့,လည်း,သူ,က,မှတ်ချက်ပေးပါတယ်,။,,,,,,,,,,,,,,,,,,,,,,,,,,,,,,,,,
အရပ်ဝတ်အင်,အား,ပို,ပြီး,သုံးနေတာ,ကို,တွေ့ရပါတယ်ဗျ,လို့,ရန်ကုန်,မြို့,မှာ,တော်လှန်ရေးလှုပ်ရှား,တဲ့,ကိုပီတာ,က,ပြောပါတယ်,။,,,,,,,,,,,,,,,,,,,,,,,,,,,,,,,,,,,,
စစ်တပ်,က,ဖမ်းဆီးထိန်းသိမ်း,ပြီး,တဲ့,နောက်ဒေါ်အောင်ဆန်းစုကြည်,ပထမ,ဦး,ဆုံး,မှာ,တဲ့,စာအုပ်,၂,အုပ်,က,ဘာသာရေးစာအုပ်,ပါ,။,,,,,,,,,,,,,,,,,,,,,,,,,,,,,,,,,,,
ဒုတိယဗိုလ်ချုပ်ကြီး,ဘွန်ဆင်,က,လည်း,ဘာ,မှ,ပြဿနာမရှိကြောင်း,နဲ့,အခြေအနေတွေ,ကို,နားလည်ကြောင်း,ပေ,ထုန်တန်,ကို,တုံ့ပြန်ခဲ့တယ်,လို့,ထိုင်း,သတင်း,တွေ,က,ဆိုပါတယ်,။,,,,,,,,,,,,,,,,,,,,,,,,,,,,,,,
ရလဒ်အနေ,နဲ့,အရှေ့,မြောက်တိုင်း,စစ်,ဌာန,ချုပ်,ရမခ,ရှိ,တဲ့,လားရှိုးမြို့,ကို,စစ်,တပ်,က,၈,လ,အကြာ,မှာ,သေနတ်သံတချက်မထွက်လိုက်ရဘဲပြန်ရခဲ့ပါတယ်,။,,,,,,,,,,,,,,,,,,,,,,,,,,,,,,,,
ကွတ်ခိုင်,နဲ့,နမ်ခ့မ်း,နှစ်မြို့,မှာတော့,တပ်ဖွဲ့,က,ဖွဲ့,စည်း,ပြီး,ပြီ,။,,,,,,,,,,,,,,,,,,,,,,,,,,,,,,,,,,,,,,,,,
ပြည်တွင်းအလုပ်အကိုင်ဖန်တီးမယ်,လို့,စစ်ခေါင်းဆောင်ပြောဆို,,,,,,,,,,,,,,,,,,,,,,,,,,,,,,,,,,,,,,,,,,,,,,,,,,
၂၀၂၃,ခုနှစ်,အောက်တိုဘာ,၂၇,ရက်,က,မြောက်ပိုင်း,ညီနောင်မဟာမိတ်,သုံးဖွဲ့,ဖြစ်,တဲ့,ကိုးကန့်တပ်,MNDAA,၊,တအာင်းတပ်,TNLA,၊,အာရက္ခတပ်တော်,AA ,တို့ဦးဆောင်စတင်ခဲ့,တဲ့,ဒီစစ်ဆင်ရေး,ကြောင့်,ရှမ်းပြည်နယ်,မြောက်ပိုင်း,မှာအုပ်စိုးသူ,အပြောင်းအလဲ,တွေ,ဆက်တိုက်ပေါ်ပေါက်ခဲ့ပါတယ်,။,,,,,,,,,,,,,,,,,,,,,,,
အခုဆို,ရင်,ရွှေတူးဖော်,တဲ့,အလုပ်သမားတွေဟာ,တစ်ရက်,ကို,လုပ်ခ,ကျပ်,၆,သောင်း,နဲ့,၇,သောင်းကြားရကြပါတယ်,။,,,,,,,,,,,,,,,,,,,,,,,,,,,,,,,,,,,,,,
ညောင်ဦးမြို့နယ်,ထဲမှာ,တိုက်ပွဲပြင်းထန်နေတာ,ကြောင့်,ယူနက်စ,ကို,အသိအမှတ်ပြု,ကမ္ဘာ့အမွေအနှစ်စာရင်းဝင်,ပုဂံဒေသ,မှာ,ပြည်တွင်းခရီးသွားတွေ,မရှိသလောက်ဖြစ်သွားတယ်,လို့,ဒေသခံ,တွေ,က,ပြောပါတယ်,။,,,,,,,,,,,,,,,,,,,,,,,,,,,,,,,,,,,
ဈေးနှုန်းမှန်,တဲ့,သွင်း,အား,စုတွေ,ကို,တောင်သူ,တွေ,သုံးစွဲနိုင်ရေးမြေဩဇာ,၊,မျိုး,စေ့,၊,ပိုးသတ်ဆေးဆိုင်ရာဥပဒေ,၊,နည်းဥပဒေ,တွေ,နဲ့,ထိန်းကျောင်း,လုပ်ဆောင်ပေးနေတယ်,လို့,စစ်ခေါင်းဆောင်,ဗိုလ်ချုပ်မှူးကြီး,မင်းအောင်လှိုင်,က,ဒီ,က,နေ့,မတ်,၂,ရက်,မှာ,ကျရောက်,တဲ့,၆၃,နှစ်မြောက်,တောင်သူလယ်သမား,နေ့,မှာ,ပြောပါတယ်,။,,,,,,,,,,,,
ရဟန်းမင်းကြီးဟာမျှော်လင့်ချက်ဘယ်လောက်အရေးကြီးတယ်,ဆိုတာသိရှိသူဖြစ်ပါတယ်,၊,စည်းလုံးညီညွတ်မှုတိုးပွား,ဖို့,ဆုတောင်းခြင်း,က,နေလူတွေ,ရဲ့,စိတ်ဒုက္ခ,ခံစားရမှုအ,ဖုံဖုံ,လျော့,ပါး,သက်သာ,စေ,သူ,လည်း,ဖြစ်ပါတယ်,လို့,သူ,က,ပြောပါတယ်,။,,,,,,,,,,,,,,,,,,,,,,,,,,,,,
ရခိုင်ပြည်နယ်,မြောက်ပိုင်း,က,ကျောက်တော်,၊,ပုဏ္ဏားကျွန်းမြို့နယ်နဲ့,တောင်ပိုင်း,က,သံတွဲမြို့နယ်,ထဲမှာ,အ,များ,ဆုံးဖြစ်ပွားနေပါတယ်,။,,,,,,,,,,,,,,,,,,,,,,,,,,,,,,,,,,,,,,,
တပ်ထား,တဲ့,တံဆိပ်,တွေ,အရ,သူ,တို့,ဟောင်ကောင်,က,နေလာကြသူတွေ,ပါ,။,,,,,,,,,,,,,,,,,,,,,,,,,,,,,,,,,,,,,,,,,
ဒါပေမဲ့,လားရှိုး,မှာ,ကိုးကန့်တပ်,နဲ့,အုပ်ချုပ်ရေး,အဖွဲ့တွေ,က,ဆက်ရှိနေပါတယ်,။,,,,,,,,,,,,,,,,,,,,,,,,,,,,,,,,,,,,,,,,,,,
ရှမ်း,၊,တနင်္သာရီ၊,ကချင်,၊,စစ်ကိုင်း,နဲ့,ကရင်ပြည်နယ်,တွေ,ဟာသစ်တောပြုန်းတီးမှုအ,များ,ဆုံး,နေရာတွေ,ဖြစ်နေတယ်,လို့,Global Forest Watch ,ကပြောထားပါတယ်,။,,,,,,,,,,,,,,,,,,,,,,,,,,,,,,,,,,,
ချက်တူချက်ပြိုကျအဆောက်အအုံအောက်,က,ပိတ်မိနေသူ,တွေ,ကို,ဘယ်လိုရှာဖွေနေလဲ,,,,,,,,,,,,,,,,,,,,,,,,,,,,,,,,,,,,,,,,,,,,,,,
ဓညဝတီရေတပ်ဌာနချုပ်,အနီး,ဖြစ်ပွားနေ,တဲ့,တိုက်ပွဲအတွင်းပိတ်မိနေ,တဲ့,ရွာ,သား,တွေ,ကို,အာရက္ခတပ်တော်,က,ကယ်ထုတ်ပေးခဲ့,တဲ့,သတင်းတွေ,ကို,ရခိုင်,သတင်း,ဌာန,တချို့,က,လည်း,ဖော်ပြပါတယ်,။,,,,,,,,,,,,,,,,,,,,,,,,,,,,,
မြန်မာနိုင်ငံ,ဆိုင်ရာ,လွတ်လပ်တဲ့ကုလသမဂ္ဂစုံစမ်းရေးအဖွဲ့,IIMM ,ဟာ,မြန်မာနိုင်ငံ,က,လူ့အခွင့်အရေးချိုးဖောက်မှု,တွေ,ကို,စောင့်ကြည့်လေ့လာနေ,တဲ့,အဖွဲ့,ဖြစ်ပြီး,ကုလသမဂ္ဂ,လူ့အခွင့်အရေးကောင်စီ,က,ဖွဲ့,စည်းထားတာဖြစ်ပါတယ်,။,,,,,,,,,,,,,,,,,,,,,,,,,,,,,,,,,
အဲဒီရေ,အား,လျှပ်စစ်,က,ကျွန်မ,ကိုးတန်း,လောက်,ကတည်းက,လုပ်နေတာသံ,တွဲ,က,နေထွက်လာ,တဲ့,အထိ,မ,ပြီး,သေးဘူး,လို့,အသက်,၄၀,ကျော်အရွယ်သံတွဲဒေသခံ,တစ်ယောက်,က,ပြောပါတယ်,။,,,,,,,,,,,,,,,,,,,,,,,,,,,,
ကိုယ်တိုင်တောင်,တစ်ခါ,တလေ,သောက်ချင်,ရင်,ဓနိရည်လောက်သောက်တာ,။,,,,,,,,,,,,,,,,,,,,,,,,,,,,,,,,,,,,,,,,,,,,,,
မသီဒါနွယ်,က,ပြောပြပေး,ပါ,မယ်,။,,,,,,,,,,,,,,,,,,,,,,,,,,,,,,,,,,,,,,,,,,,,,,,
ဒီလေ့လာရေးအဖွဲ့ဟာ,CDM ,ပါဝင်လာ,တဲ့,စစ်သား,တွေ,က,ဦးဆောင်ဖွဲ့စည်းထားတာ,ဖြစ်ပြီး,တာဝန်ခံကိုနောင်ရိုး,က,တော့,ဗိုလ်မှူး,တာဝန်ထမ်းဆောင်ခဲ့သူ,ပါ,။,,,,,,,,,,,,,,,,,,,,,,,,,,,,,,,,,,,,,
ဒါ,ကြောင့်,တရုတ်,က,မြန်မာ,မှာ,ချုပ်,တဲ့,အထည်တွေလုံးဝမလာတော့သလောက်ဖြစ်သွား,မှာ,ကို,စိုးရိမ်နေကြတာဖြစ်ပါတယ်,။,,,,,,,,,,,,,,,,,,,,,,,,,,,,,,,,,,,,,,,,
ဗိုလ်မှူး,က,တော့ဘယ်သူဘယ်ဝါ,၊,ကိုယ်ပိုင်နံ,ပတ်,တော့မသိရသေးဘူး,လို့,ပြောပါတယ်,။,,,,,,,,,,,,,,,,,,,,,,,,,,,,,,,,,,,,,,,,,,,
စစ်ဘေးရှောင်နေရချိန်ကြားကာလစာသင်ကျောင်း,မှာ,စာသင်နေ,တဲ့,သမီး,သုံးယောက်,ကို,ကျောင်း,ထုတ်,ဖို့,ဆိုတာပညာရေး,ကို,တန်ဖိုးထား,တဲ့,စစ်ကိုင်း,၊,ထီးချိုင့်မြို့နယ်,က,CDM ,အကြမ်းမဖက်အာဏာဖီဆန်မှု,ကျောင်း,ဆရာမ,ဒေါ်မြမြသက်အဖို့ခက်ခက်ခဲခဲဆုံးဖြတ်ခဲ့ရပါတယ်,။,,,,,,,,,,,,,,,,,,,,,,,,,,,,,
စစ်ရေးသတင်းရင်းမြစ်,က,တော့စစ်,ကောင်စီတပ်,မရှိတော့,တဲ့,ဘောမိ,ကို,အေအေ,က,ထိန်းချုပ်ထားနိုင်,တဲ့,အခြေအနေ,လို့,ဆိုပါတယ်,။,,,,,,,,,,,,,,,,,,,,,,,,,,,,,,,,,,,,,
ဒါ,ကြောင့်,အေအေ,နဲ့,ပူးပေါင်းတပ်တွေဟာဘောမိ,နဲ့,မကျီးဇင်,ရွာတွေ,ဘက်,က,နေသာပေါင်းမြို့နယ်ထဲဝင်ရောက်လာတာရှိ,သလို,ဂွ,မြို့နယ်,က,တစ်ဆင့်စစ်ကောင်စီတပ်,ရဲ့,ဗေဒါစခန်း,ကို,ကျော်လွန်,ပြီး,ရေကြည်,မြို့နယ်,ထဲ,ကို,အင်,အား,ဖြန့်ကျက်လာတယ်,လို့,နားလည်ရပါတယ်,။,,,,,,,,,,,,,,,,,,,,,,
နေ့လယ်,၁,နာရီ,ခွဲ,မှာ,ကြဲချခဲ့,တဲ့,ဒီဗုံး,ကြောင့်,အဆောက်အဦ,တွေ,လည်း,မီးလောင်ကျွမ်းခဲ့,သလို,ရုပ်အလောင်းအ,များ,စု,ကို,လည်း,မီးလောင်ကျွမ်း,ပြီး,အနေအထား,နဲ့,သာပြန်လည်တွေ့ရှိခဲ့ရပါတယ်,။,,,,,,,,,,,,,,,,,,,,,,,,,,,,
ဒါ,ကြောင့်,ပဲ,လူသားချင်းစာနာထောက်ထားမှုအကူအညီတွေ,ကို,ခံစားခွင့်မပေးတာ,မျိုး,ကို,သူ,တို့,လုပ်တာ,ပါ,လို့,ဘီဘီ,စီ,ကို,ပြောပါတယ်,။,,,,,,,,,,,,,,,,,,,,,,,,,,,,,,,,,,,
ဆူနာမီဆိုတာဟာဝါဟာရ,နှစ်မျိုး,ပေါင်းစပ်ထား,တဲ့,ဂျပန်,စကားဖြစ်ပါတယ်,။,,,,,,,,,,,,,,,,,,,,,,,,,,,,,,,,,,,,,,,,,,,,,,
တိုက်ပွဲဖြစ်ချိန်,က,လေယာဉ်တက်လာ,ပြီ,ဆိုတာ,နဲ့,ကျွန်တော်တို့ဆီလာမယ်ဆိုတာ,တန်း,တွက်နိုင်တယ်,။,,,,,,,,,,,,,,,,,,,,,,,,,,,,,,,,,,,,,,,,,,,
၂၀၂၁,စစ်အာဏာမသိမ်းခင်,အထိ,သီပေါ,မြို့,မှာ,ရှမ်းလူမျိုးလူဦးရေဟာမြို့,ရဲ့,၇၅,ရာခိုင်နှုန်းကျော်ရှိ,ပြီး,ပလောင်,လူမျိုး,က,တော့,၇,ရာခိုင်နှုန်းရှိတာဖြစ်ပါတယ်,။,,,,,,,,,,,,,,,,,,,,,,,,,,,,,,,,,,,
လှုပ်ရှားမှု,ပြီး,တဲ့,အချိန်,မှာ,အဲ့,နေရာ,တဝိုက်,ကို,လုံခြုံရေးတိုးမြှင့်ထားပါတယ်,။,,,,,,,,,,,,,,,,,,,,,,,,,,,,,,,,,,,,,,,,,,
အဲဒီယာဉ်တန်းဟာတွဲကား,၂၈,စီး,၊,စစ်ကိုင်း,အခြေစိုက်တပ်မ,၃၃,က,ထွက်လာ,တဲ့,၁၈,စီး,၊,Jammer ,တင်ဆောင်လာ,တဲ့,ကား,၅,စီးစုစုပေါင်းအစီးရေ,၅၀,ကျော်ပါတယ်,လို့,သိရပါတယ်,။,,,,,,,,,,,,,,,,,,,,,,,,,,,,,
လားရှိုးမြို့,ကို,ကိုးကန့်,တပ်,MNDAA ,လက်,ထဲက,နေစစ်ကောင်စီလက်ထဲပြန်လွှဲပြောင်းရေး,နဲ့,ပတ်,သက်,လို့,ရောက်ရှိလာတာ,ဖြစ်ပြီး,ကိုးကန့်,တပ်,နဲ့,စစ်ကောင်စီဘက်,က,အမှတ်,၁,စစ်ဆင်ရေးအထူး,အဖွဲ့,မှူး,ဒုတိယဗိုလ်ချုပ်ကြီး,ကို,ကို,ဦး,တို့,ဆွေးနွေးမယ်,လို့,လည်း,သတင်း,တွေ,ထွက်ပေါ်နေတာ,ပါ,။,,,,,,,,,,,,,,,,
နိုင်ငံ,နဲ့,ကိုက်ညီ,တဲ့,အမျိုးအစား,က,ဘယ်လိုဖြစ်မလဲ,။,,,,,,,,,,,,,,,,,,,,,,,,,,,,,,,,,,,,,,,,,,,,,
ဗျူဟာစခန်းဖြစ်,တဲ့အတွက်,အင်,အား,အသင့်အတင့်ရှိပါတယ်,လို့,FFD ,ဒုတိယတာဝန်ခံ,က,ပြောပါတယ်,။,,,,,,,,,,,,,,,,,,,,,,,,,,,,,,,,,,,,,,,,,,
ထိုင်း,မြန်မာ,နယ်စပ်,က,ဆိုက်ဘာရာဇဝတ်မှုလုပ်ငန်း,တွေ,ကို,အမြစ်ဖြတ်,ဖို့,ပြီး,ခဲ့,တဲ့,၂၀၂၄,ခုနှစ်,ဇွန်,လ,က,စ,ပြီး,တာ့ခ်ခရိုင်,၊,မဲဆောက်,မြို့,နဲ့,နယ်စပ်မြဝတီမြို့ဘက်ခြမ်း,ကို,လျှပ်စစ်မီးဖြတ်တောက်ထားတယ်,လို့,ထိုင်း,ကာကွယ်,ရေးဝန်ကြီးဖွန်သမ်ဝီချာရာချိုင်,က,ထုတ်ပြောလာပါတယ်,။,,,,,,,,,,,,,,,,,,,
မြို့,တစ်မြို့,သိမ်းလိုက်,ပြီ,လို့,သတင်းထုတ်ပြန်လိုက်တာ,နဲ့,လေကြောင်းရန်,က,အမြဲတမ်းစိုးရိမ်ရတယ်,။,,,,,,,,,,,,,,,,,,,,,,,,,,,,,,,,,,,,,,,,,,
ပုပ်ဖရန်စစ်ဂိုဏ်းချုပ်ဘုန်းတော်ကြီးလုပ်ခဲ့,တဲ့,ဗြူနိုအေးရိစ်,မြို့,က,ကက်သီဒြယ်ဘု,ရားကျောင်း,ကြီး,မှာ,လည်း,ဒီမနက်အစောပိုင်း,မှာ,၀တ်ပြုဆုတောင်းပေးခဲ့ကြပါတယ်,။,,,,,,,,,,,,,,,,,,,,,,,,,,,,,,,,,,,,,,,
ကယား,ကရင်နီ,၊,ဖားဆောင်း,မှာ,မြန်မာ,စစ်,တပ်,ရဲ့,FTC,2000,Gတိုက်လေ,ယာဥ်အပျက်အစီးတွေ,နဲ့,KNDF ,တပ်ဖွဲ့,ဝင်,တွေ,အောင်ပွဲခံနေ,တဲ့,ပုံတွေ,ဇူလိုင်,၃,ရက်,မှာ,ထွက်ပေါ်လာပါတယ်,။,,,,,,,,,,,,,,,,,,,,,,,,,,
သင်ရိုးညွှန်းတမ်း,နဲ့,ဘာသာရပ်,အလိုက်,သင်ကြားသွားမယ့်နည်း,စနစ်တွေ,ကို,ထုတ်ပြန်တာမရှိသေး,ပေမဲ့,လာမယ့်ပညာသင်နှစ်,မှာ,ရခိုင်,စာ,ပေ,နဲ့,သင်ကြားမယ်,လို့,အေအေပညာရေး,ဌာန,အကြောင်းသိရှိသူ,ရဲ့,ပြောကြားချက်,နဲ့,ဖော်ပြနေကြတာ,ပါ,။,,,,,,,,,,,,,,,,,,,,,,,,,,,
လူဦးရေကျဆင်းတာ,ကြောင့်,ပြည်တွင်းလုပ်သားအင်,အား,နဲ့,ရွေးကောက်ပွဲအပေါ်သက်ရောက်မှု,ဖြစ်စေ,တယ်,လို့,စစ်ခေါင်းဆောင်,ဗိုလ်ချုပ်မှူးကြီး,မင်းအောင်လှိုင်,က,၂၀၂၅,ဇန်နဝါရီ,၁၇,ရက်,က,နေပြည်တော်အစည်းအဝေး,မှာ,သူ့အစိုးရအဖွဲ့,ကို,မှတ်ချက်ပေးပါတယ်,။,,,,,,,,,,,,,,,,,,,,,,,,,,,,,
ကားသမား,ရဲ့,အပြော,အရ,မဲဆောက်မြို့,က,စျေး,ဝယ်,စင်တာ,တစ်ခု,မှာ,လာကြို,ဖို့,အသင့်စောင့်ဆိုင်းနေခဲ့,တဲ့,နောက်ထပ်ကားတစ်စီးပေါ်,ကို,လွှဲပြောင်းပေးခဲ့တယ်,လို့,သိရပါတယ်,။,,,,,,,,,,,,,,,,,,,,,,,,,,,,,,,,
သူ့နေရာ,မှာ,တပ်,ထိန်းချုပ်,ဗိုလ်မှူးချုပ်,စိုးကျော်ထက်,ကို,တိုင်း,မှူးအသစ်အဖြစ်ပြောင်းလဲ,ခန့်အပ်ခဲ့တာတွေ့ရပါတယ်,။,,,,,,,,,,,,,,,,,,,,,,,,,,,,,,,,,,,,,,,,,,
နောက်ပိုင်း,မှာတော့,မြန်မာ,စစ်,တပ်,ရဲ့,ရေငုပ်သင်္ဘောပိုင်ဆိုင်ရေးအိပ်မက်ဟာ,ဘင်္ဂလားဒေ့ရှ်နဲ့,မြန်မာ,တို့,အငြင်းပွားခဲ့ကြ,တဲ့,စိန့်မာတင်ကျွန်းအမှုအ,ပြီး,မှာ,တစ်ကျော့ပြန်အသက်ဝင်လာခဲ့တာ,လို့,သူ,က,ပြောပါတယ်,။,,,,,,,,,,,,,,,,,,,,,,,,,,,,,,,,
ဒဏ်ခတ်ပိတ်ဆို့မှုတွေအောက်,က,မြန်မာ,နဲ့,ဆက်လုပ်,ဖို့,ပြင်,တဲ့,ထိုင်း,စွမ်းအင်,PTTEP,,,,,,,,,,,,,,,,,,,,,,,,,,,,,,,,,,,,,,,,,,
နောက်အခေါင်းသုံးခေါင်း,ထဲမှာ,အ,ဆင့်ဆင့်,ထည့်သွင်းမြှုပ်,တဲ့,အစဉ်အလာ,ကို,မယူဘဲသစ်သား,၊,သွပ်,တို့,နဲ့,လုပ်ထား,တဲ့,ရိုးရိုးအခေါင်း,နဲ့,ပဲ,သူ့,ကို,မြှုပ်,ဖို့,ရွေးချယ်ခဲ့ပါတယ်,။,,,,,,,,,,,,,,,,,,,,,,,,,,,,,
တရုတ်,ရဲ့,ကြားဝင်စေ့စပ်မှု,နဲ့,လားရှိုး,က,ဘယ်လိုအခင်းအကျင်းဖြစ်လာနိုင်မလဲ,လို့,ဘီဘီစီ,က,မေးမြန်းကြည့်ခဲ့ပါတယ်,။,,,,,,,,,,,,,,,,,,,,,,,,,,,,,,,,,,,,,,,,,
စစ်တပ်လမ်း,က,သယ်,ရင်,စစ်တပ်,လမ်းကြေးပေးရတယ်,။,,,,,,,,,,,,,,,,,,,,,,,,,,,,,,,,,,,,,,,,,,,,,,
ကျေးရွာ,၁၀,ရွာ,က,စစ်ဘေးရှောင်အရေ,အတွက်,ထောင်ချီရှိ,ပြီး,အ,များ,စု,က,ကရင်ပြည်နယ်,တွင်း,က,စစ်ရှောင်စခန်း,၊,ဘုန်းကြီး,ကျောင်း,နဲ့,ခရစ်ယာန်,ဘု,ရားကျောင်း,တွေ,မှာ,ခိုလှုံနေရတယ်,လို့,လည်း,သိရပါတယ်,။,,,,,,,,,,,,,,,,,,,,,,,
သူ,တို့,၂,ဦး,ဟာ,ထိုင်း,နိုင်ငံ,၊,ရနောင်း,မြို့,မှာ,တရားမဝင်အလုပ်လုပ်တာ,ကြောင့်,ကိုနိုင်ဝင်းထွန်း,က,၂၀၂၄,ခုနှစ်,ဒီဇင်ဘာ,၊,ကိုသက်နိုင်ထွေး,က,၂၀၂၅,ဇန်နဝါရီ,မှာ,ထိုင်း,ရဲတပ်ဖွဲ့,ရဲ့,ဖမ်းဆီးတာခံခဲ့ရပါတယ်,။,,,,,,,,,,,,,,,,,,,,,,,,
အာရက္ခတပ်တော်,အေအေသိမ်းပိုက်ထား,တဲ့,မောင်တော,မြို့,ရဲ့,မြောက်ပိုင်း,မှာ,ရှိ,တဲ့,စစ်,ကောင်စီတပ်,စခန်းဟောင်းကျီးကန်းပြင်ကိုစစ်,ကောင်စီ,ကဒီ,က,နေ့,မတ်,၁,ရက်,မနက်အစောပိုင်း,မှာ,ဂျက်ဖိုက်တာ,နဲ့,လေ,ကြောင်းကနေဗုံးကြဲခဲ့တယ်,လို့,အေအေစစ်ရေးရင်း,မြစ်,က,ပြောပါတယ်,။,,,,,,,,,,,,,,,,,,,,,
သို့သော်လည်း,ပဲ,လုံခြုံရေး,အရ,တည်ငြိမ်,တဲ့,နေရာမျိုးတွေမဟုတ်သေး,တဲ့,အ,ခါ,ကျတော့စစ်အုပ်ချုပ်ရေးအ,ပြည့်,ကြီးမဟုတ်,ရင်,တောင်,မှ,ကာကွယ်,ရေး,နဲ့,အုပ်ချုပ်ရေး,နဲ့,တွဲ,ပြီးတော့,ဝန်ဆောင်မှု,တွေ,နဲ့,တွဲ,ပြီး,သွား,မှာ,ပေါ့နော်,။,,,,,,,,,,,,,,,,,,,,,
တပ်,မှာ,နံပါတ်သုံးအဆင့်ရှိ,တဲ့,ညှိနှိုင်းကွပ်ကဲရေးမှူးကြည်း,၊,ရေ,၊,လေအ,ပါ,အဝင်,ဗိုလ်ချုပ်ကြီး,အဆင့်,က,နေ,ဗိုလ်,ချုပ်အဆင့်,အထိ,ရာထူးအပြောင်းအလဲ,တွေ,ဖြစ်ပေါ်ခဲ့တယ်,လို့,နေပြည်တော်,က,ဘီဘီ,စီ,သတင်းအရင်းအ,မြစ်တွေ,က,ပြောပါတယ်,။,,,,,,,,,,,,,,,,,,,,,,
အဲဒီခရီးစဥ်,မှာ,စစ်,ကောင်စီ,ဝန်ကြီးတချို့,နဲ့,အဆင်မြင့်အရာရှိတွေ,လည်း,လိုက်,ပါ,သွား,ဖို့,ရှိနေ,ပြီး,ဒီပွဲ,ကို,တက်ရောက်လာ,တဲ့,ကမ္ဘာ့နိုင်ငံခေါင်းဆောင်,တချို့,နဲ့,သီးခြားတွေ့ဆုံတာ,တွေ,ရှိနိုင်တယ်,လို့,သိရပါတယ်,။,,,,,,,,,,,,,,,,,,,,,,,,,,
ဒုစစ်ခေါင်းဆောင်ပြော,တဲ့,ထား,ဝယ်,အထူးစီးပွားရေးဇုန်,က,ရှင်းလင်းရမယ့်ကိစ္စတွေက,ဘာ,တွေ,ပါ,လဲ,။,,,,,,,,,,,,,,,,,,,,,,,,,,,,,,,,,,,,,,,,,
တရုတ်ပြော,တဲ့,လမ်းကြောင်း,က,ရှမ်းပြည်နယ်,အရှေ့ပိုင်း,အထူးဒေသ,၄,အမျိုးသားဒီမို,က,ရေ,စီ,မဟာမိတ်,တပ်,မတော်,NDAA ,မိုင်းလားမုံးလား,အဖွဲ့,ရဲ့မိုဒယ်ပုံစံ,လို့,သူ,က,ဆက်ပြောပါတယ်,။,,,,,,,,,,,,,,,,,,,,,,,,,,,,,
လက်တွေ့,မှာ,အမှုရှုံး,တဲ့,သဘောဖြစ်တယ်,။,,,,,,,,,,,,,,,,,,,,,,,,,,,,,,,,,,,,,,,,,,,,,,,
သေဆုံးသူ,က,၁၂,ဦး,ရှိ,ပေမဲ့,ရုပ်အလောင်း,က,၁၁,လောင်း,ပဲ,ပြန်ရပါတယ်,။,,,,,,,,,,,,,,,,,,,,,,,,,,,,,,,,,,,,,,,,
တဘက်,မှာ,ဒီလိုတိုးတက်မှု,တွေ,ရှိ,ပေမဲ့,ကိုလိုနီခေတ်,မန္တလေးမှာ,သဘာ,၀,ဘေး,၊,ကပ်ဘေးသင့်ခဲ့,တဲ့,နှစ်တွေ,လည်း,ရှိပါတယ်,။,,,,,,,,,,,,,,,,,,,,,,,,,,,,,,,,,,,
လားရှိုးမြို့,ကို,ပြန်ရခဲ့,ပေ,မယ့်,ရှမ်းမြောက်,မှာ,တရုတ်,အထိ,ကုန်သွယ်လမ်းပြန်ပွင့်,ဖို့,သိန္နီ၊,ကွတ်ခိုင်,၊,နမ့်ဖတ်ကာမြို့,တို့,ကို,စစ်တပ်,က,ပြန်ထိန်းချုပ်,ဖို့,လိုပါတယ်,။,,,,,,,,,,,,,,,,,,,,,,,,,,,,,,
တအာင်းအမျိုးသားလွတ်မြောက်ရေးတပ်,TNLA ,ထိန်းချုပ်ထား,တဲ့,ကွတ်ခိုင်,မြို့နယ်,၊,တအာင်းပညာရေး,ကောင်စီ,TLEC ,ကအသက်,၁၀,နှစ်,ဝန်းကျင်,ကျောင်းသူ,မဆိုင်ပူး,နဲ့,အေမုပ်,လည်း,ကျောင်း,ထွက်,ပြီး,အလုပ်လုပ်လိုက်ရ,တဲ့,က,လေးတွေ,ထဲပါခဲ့ပါတယ်,။,,,,,,,,,,,,,,,,,,,,,,,,,
နည်းပညာ,ကို,လက်တွေ့အသုံးမချနိုင်ခဲ့တာ,က,စစ်တပ်,အတွက်,အထိနာ,ပြီး,စစ်ရေးနိမ့်ခဲ့ရ,တဲ့,အကြောင်းအရင်း,တွေ,ထဲက,အခရာကျ,တဲ့,အချက်ဖြစ်တယ်,လို့,CDM ,လေတပ်အရာရှိတချို့,က,သုံးသပ်ပြပါတယ်,။,,,,,,,,,,,,,,,,,,,,,,,,,,,,,,,
ကြက်ပေါင်ခြံရပ်ကွက်,ထဲမှာ,ဆို,ရင်,တစ်ထပ်နေအိမ်တွေရေမြုပ်,တဲ့,အထိ,မြစ်ရေတက်နေ,ပြီး,ပိတ်မိနေ,တဲ့,သူတချို့ရှိနေတာ,ကြောင့်,ကူညီကယ်ဆယ်,ဖို့,သွားနေတာ,ကို,လည်း,ချီဆောင်ခြင်းလူမှုကူညီရေးအသင်း,က,ရုပ်သံ,မှာ,ပြောထားတာတွေ့ရပါတယ်,။,,,,,,,,,,,,,,,,,,,,,,,,,,,,,
ပူဆွေးနေကြသူတွေ,ကို,ကျွန်တော်တို့မြင်ခဲ့ကြရ,ပေမဲ့,သူ,တို့,မီဒီယာ,ကို,စကားမပြောချင်ကြ,ပါ,ဘူး,။,,,,,,,,,,,,,,,,,,,,,,,,,,,,,,,,,,,,,,,,,
ချင်းအမျိုးသားတပ်ဦး,CNF,CNA ,ပြောရေးဆိုခွင့်ရှိသူဆလိုင်းထက်နီ,က,ဒီ,နှစ်,မှာ,ချင်းထဲဝင်လာ,တဲ့,အကြီးဆုံးစစ်ကြောင်း,လို့,ဘီဘီစီ,ကို,ပြောပါတယ်,။,,,,,,,,,,,,,,,,,,,,,,,,,,,,,,,,,,,,,
အခုလိုအခက်အခဲတွေ,နဲ့,ရင်,ဆိုင်နေကြရ,တဲ့အတွက်,ထမင်းနှပ်မှန်မစားရ,တဲ့,ထိ,ဖြစ်လာနေကြတာ,ကြောင့်,မိသားစုလိုက်သေကြောင်းကြံစည်,တဲ့,အထိ,ရှိလာနေပါတယ်,။,,,,,,,,,,,,,,,,,,,,,,,,,,,,,,,,,,,,,,
မန္တလေးမြို့၊,အောင်မြေသာစံမြို့နယ်,၊,၁၅,လမ်း,နဲ့,၈၂,လမ်းထောင့်,က,၈,ထပ်တိုက်တစ်တိုက်ဟာမိုးများ,ပြီး,တဲ့,နောက်,မှာ,အောက်ဆုံး,က,မြေညီထပ်,နဲ့,ပထမ,ထပ်,တို့,ပြိုဆင်းအိကျသွားတယ်,လို့,ပတ်,ဝန်းကျင်နေထိုင်သူ,တစ်ယောက်,က,ဘီဘီစီ,ကို,ပြောပါတယ်,။,,,,,,,,,,,,,,,,,,,,,
တပို့တွဲ,လ,ပြည့်,၊,လပြည့်ခြင်းအဓိပ္ပါယ်နဲ့,သက်ရောက်မှု,,,,,,,,,,,,,,,,,,,,,,,,,,,,,,,,,,,,,,,,,,,,,,,
မီးလောင်ပြင်,ထဲက,ရုပ်အလောင်း,တွေ,ကို,နောက်,တစ်ရက်,အထိ,ဆက်လက်ရှာဖွေခဲ့,ကြပြီး,ရုပ်အလောင်း,၂၇,လောင်းရရှိခဲ့ပါတယ်,။,,,,,,,,,,,,,,,,,,,,,,,,,,,,,,,,,,,,,,,
သူ့,ဆီက,တ,ဆင့်,လူမှုသိပ္ပံပညာတွေရဲ့,လူ့,အဖွဲ့,အစည်းပေါ်ရိုက်ခတ်မှု,ကို,ဧရာဝတီ,ရှာတွေ့ခဲ့ပါတယ်,။,,,,,,,,,,,,,,,,,,,,,,,,,,,,,,,,,,,,,,,,,
အာရက္ခတပ်တော်,အေအေက,ရခိုင်ပြည်နယ်,၊,မောင်တောမြို့အခြေစိုက်အမှတ်,၅,နယ်ခြားစောင့်ရဲတပ်ဖွဲ့,နခခ,၅,ကိုထိုးစစ်ဆင်,တဲ့,တိုက်ပွဲ,ကာလ,အတွင်းမိုင်းနင်းသေဆုံးခဲ့သူ,ဗိုလ်မှူးကြီး,အောင်နေ,မျိုး,ကို,စစ်ကောင်စီ,က,ဗိုလ်,ချုပ်အဆင့်တိုးမြှင့်,ပြီး,သူ,ရဲကောင်းမှတ်တမ်းဝင်တံဆိပ်ပေးအပ်ခဲ့ပါတယ်,။,,,,,,,,,,,,,,,,,,,,,,,,,,,
ဒေသခံတွေ,က,တော့,အပြင်,ကို,လွတ်ရာပြေးနေကြ,ပြီ,။,,,,,,,,,,,,,,,,,,,,,,,,,,,,,,,,,,,,,,,,,,,,,
TNLA ,ရဲ့ပြောဆိုချက်ထွက်ပေါ်,ပြီး,တဲ့,နောက်စစ်ကောင်စီဘက်,က,အဲဒီပစ်ခတ်မှုဖြစ်ခဲ့တယ်,လို့,ဝန်ခံပြောကြားပါတယ်,။,,,,,,,,,,,,,,,,,,,,,,,,,,,,,,,,,,,,,,,,,,,
အင်,အား,အကြီးဆုံးဝ,နဲ့,အခြိမ်းခြောက်နိုင်ဆုံးအေအေ,,,,,,,,,,,,,,,,,,,,,,,,,,,,,,,,,,,,,,,,,,,,,,,,
ဘီဘီစီ,က,ရရှိ,တဲ့,အချက်အလက်တွေ,အရ,စစ်,ကောင်စီ,ရဲ့,အုပ်ချုပ်ရေးမြို့တော်,နေပြည်တော်,မှာ,ဌာန,ဆိုင်ရာအဆောက်အဦ,တွေ,၊,ရုံး,ဌာနတွေ,အ,ပါ,အဝင်,အုပ်ချုပ်ရေးယန္တရား,၇၀,ရာခိုင်နှုန်းလောက်,ထိ,ခိုက်ပျက်စီးခဲ့တယ်,လို့,သိရပါတယ်,။,,,,,,,,,,,,,,,,,,,,,,,,
ကချင်,လွတ်လပ်ရေးတပ်မတော်,KIA ,ရှိနေ,တဲ့,နိုင်ငံ,မြောက်ပိုင်း,မှာ,လည်း,စစ်,တပ်,အာဏာသိမ်းထား,တဲ့,လေးနှစ်,အတွင်းနယ်မြေပိုင်စိုးမှုအပြောင်းအလဲ,တွေ,ဖြစ်ခဲ့ပါတယ်,။,,,,,,,,,,,,,,,,,,,,,,,,,,,,,,,,,,,
အဲဒီ့လူ,ရှစ်ဦး,ထဲမှာ,မြန်မာနိုင်ငံ,က,ကိုဇေယျ,လည်း,တစ်ယောက်,အ,ပါ,အဝင်ဖြစ်ပါတယ်,။,,,,,,,,,,,,,,,,,,,,,,,,,,,,,,,,,,,,,,,,,
အခု,က,သွင်းမရ,လို့,ဒုက္ခရောက်နေတာ။,,,,,,,,,,,,,,,,,,,,,,,,,,,,,,,,,,,,,,,,,,,,,,,,
အဖမ်းအဆီးအခြေအနေ,ကို,ကြည့်တယ်,။,,,,,,,,,,,,,,,,,,,,,,,,,,,,,,,,,,,,,,,,,,,,,,,,,
ပူးပေါင်းအဖွဲ့တွေ,က,အဲဒီစခန်း,ကို,၂,ရက်,ကြာတိုက်ခိုက်အ,ပြီး,မှာ,သိမ်းလိုက်တာ,ဖြစ်ပြီး,စခန်း,ကို,အလုံးစုံ,မီးရှို့ဖျက်ဆီးလိုက်တယ်,လို့,လည်း,သိရပါတယ်,။,,,,,,,,,,,,,,,,,,,,,,,,,,,,,,,,,,
၂၀၀၁,ခုနှစ်,မှာ,စတင်တီထွင်ခဲ့,တဲ့,ဒီရာထူး,ကို,ဗိုလ်ချုပ်ကြီး,၆,ဦး,အထိ,တာဝန်ယူခဲ့ကြ,ပေမဲ့,ဗိုလ်ချုပ်မှူးကြီး,မင်းအောင်လှိုင်,တစ်ဦး,ပဲ,တပ်,ချုပ်ဖြစ်လာခဲ့ပါတယ်,။,,,,,,,,,,,,,,,,,,,,,,,,,,,,,,,,,
အရေပြားယားယံတာ,က,တော့မသန့်ရှင်း,တဲ့,အစားအသောက်စားမိတာ,၊,အဝတ်အထည်လုံလောက်မှုမရှိဘဲတကိုယ်ရေသန့်ရှင်းမှု,အား,နည်းတာ,ကြောင့်,ဖြစ်ပြီး,ကလေးငယ်,တွေ,မှာ,ပိုအဖြစ်များတယ်,လို့,ဆိုပါတယ်,။,,,,,,,,,,,,,,,,,,,,,,,,,,,,,,,,,,,
ဘီဘီစီစုံစမ်းမေးမြန်းကြည့်ချက်,အရ,တော့,ပဲခူး,တိုင်း,ထဲ,ကို,တိုက်ခိုက်ရေးအတွေ့အကြုံရှိထား,ပြီ,ဖြစ်,တဲ့,PDF ,တပ်ဖွဲ့အချို့ပြောင်းရွှေ့နေရာယူထား,ပြီ,လို့,သိရပါတယ်,။,,,,,,,,,,,,,,,,,,,,,,,,,,,,,,,,,,,,
ဒီလူတွေ,ဘယ်တော့အိမ်ပြန်ကြရမလဲ,ဆိုတာသဲသဲကွဲကွဲမရှိသေး,ပါ,ဘူး,။,,,,,,,,,,,,,,,,,,,,,,,,,,,,,,,,,,,,,,,,,,,,,,,
ဒီလိုတပ်ဖွဲ့ဖွဲ့စည်း,ဖို့,လူစာရင်းကောက်တာ,တွေ,ကြောင့်,မိုးကုတ်အ,ပါ,အဝင်,TNLA ,ထိန်းချုပ်ဒေသ,က,လူထုကြား,မှာ,စိုးရိမ်မှု,တွေ,မြင့်တက်နေ,ပြီး,ဒေသခံတချို့,က,တော့စစ်မှုထမ်းရမယ်ဆို,တဲ့,ထင်မြင်ချက်,နဲ့,မိုးကုတ်,က,နေပြောင်းရွှေ့နေကြတယ်,လို့,သူ,က,ဆက်ပြောပါတယ်,။,,,,,,,,,,,,,,,,,,,,,,
၁၉၄၇,ခုနှစ်,မေ,၂,ရက်,က,ရန်ကုန်,မြို့,မှာ,မွေးဖွားခဲ့,တဲ့,စောထူးထူးလေးဟာ,၂၀၂၅,ခုနှစ်,မေ,၁၇,ရက်,မှာ,ကွယ်လွန်တာဖြစ်,တဲ့အတွက်,အသက်,၇၈,နှစ်,အရွယ်ရှိနေ,ပါ,ပြီ,။,,,,,,,,,,,,,,,,,,,,,,,,,,
မင်းကွန်း,ဆရာတော်,ဘုရားကြီးသတင်းသုံးခဲ့,တဲ့,ဓမ္မနာဒကျောင်းရှိရာ,မင်းကွန်းတောင်,ရွာ,ဟာ,ဇွန်,၂၇,ရက်,က,မီးရှို့ခံရတယ်,လို့,စစ်ရေးအရင်းအ,မြစ်,တစ်ဦး,က,ပြောပါတယ်,။,,,,,,,,,,,,,,,,,,,,,,,,,,,,,,,,,
မီတာ,၁၀၀,အကွာ,မှာ,မိုးပေါ်ထောင်,ပြီး,သေနတ်သုံးချက်ထောင်ဖောက်ခဲ့တယ်,လို့,သိရပါတယ်,။,,,,,,,,,,,,,,,,,,,,,,,,,,,,,,,,,,,,,,,,,,,
ထိုင်း,မြန်မာ,နယ်စပ်,မှာ,တရုတ်,နိုင်ငံ,သားရာ,နဲ့,ချီပျောက်ဆုံးလျှက်ရှိ,,,,,,,,,,,,,,,,,,,,,,,,,,,,,,,,,,,,,,,,,,,,
ဒါ,အပြင်,အိုးတိန်တွင်း,ရွာ,စာသင်,ကျောင်း,မှာ,တော်လှန်ရေးတပ်တွေ,က,လက်နက်,တွေ,ထုတ်လုပ်နေ,ပြီး,ထုတ်လုပ်နေ,တဲ့,ဒရုန်းဗုံးသီး,တွေ,ပေါက်ကွဲတာဆို,တဲ့,စွပ်စွဲချက်,နဲ့,ဗီဒီယိုဖိုင်,တစ်ခု,ကို,ပါ,တွဲ,လျက်ဖော်ပြခဲ့တာတွေ့ရပါတယ်,။,,,,,,,,,,,,,,,,,,,,,,,,,
နေ,နဲ့,လ,ကြား,ကမ္ဘာကျရောက်ပြီး,နေ,၊,ကမ္ဘာ,၊,လ,တစ်တန်း,တည်းဖြစ်နေစဉ်နေ,ရဲ့,ဆန့်ကျင်ဘက်အခြမ်း,ကမ္ဘာကနေ,လ,ကို,ပြည့်ပြည့်ဝဝမြင်ရ,တဲ့,အခါလပြည့်ခြင်းဖြစ်ပေါ်တာ,ပါ,။,,,,,,,,,,,,,,,,,,,,,,,,,,,,,,,
လက်ရှိပြည်တွင်း,မှာ,သူအ,ပါ,အဝင်စီအီးစီ,ကိုးဦး,ကျန်ရှိနေ,ပေမဲ့,အဲဒီ,ထဲက,ဦး,သိန်းဦး,နဲ့,သာပုံမှန်တွေ့ဆုံလေ့ရှိ,ပြီး,ကျန်သူတွေ,နဲ့,အဆက်အသွယ်ပြတ်နေတယ်,လို့,ဒေါက်တာမျိုးညွန့်,က,ပြောပါတယ်,။,,,,,,,,,,,,,,,,,,,,,,,,,,,,,,
မတ်,လ,၂၈,ရက်,နေ့,မှာ,လှုပ်ခဲ့,တဲ့,အင်,အား,ပြင်းငလျင်ကြီး,ကြောင့်,လူဦးရေ,ခြောက်သိန်း,ကျော်,၆၂၉၂၀၆,ဦး,ငလျင်ဘေးကြုံတွေ့ခဲ့ရတယ်,လို့,သဘာဝဘေးအန္တရာယ်ဆိုင်ရာစီမံခန့်ခွဲမှုဗဟိုဌာန,DMC ,ကထုတ်ပြန်ပါတယ်,။,,,,,,,,,,,,,,,,,,,,,,,,,,,,,,
ဒီ,အတွက်,တုံ့ပြန်မယ်,လို့,လည်း,တရုတ်,က,ပြောပါတယ်,။,,,,,,,,,,,,,,,,,,,,,,,,,,,,,,,,,,,,,,,,,,,,
စစ်တပ်ကြဲချလိုက်,တဲ့,ဗုံးဟာသစ်ဆိမ့်ကြီး,ရွာ,ရဲစခန်း,အနီး,က,နေအိမ်,၂,လုံး,ပေါ်,ကို,ကျရောက်ပေါက်ကွဲခဲ့တာ,လို့,မြေပြင်အခြေအနေသိရှိသူ,တွေ,က,ပြောပြခဲ့ပါတယ်,။,,,,,,,,,,,,,,,,,,,,,,,,,,,,,,,,,,
စက်မှုသိပ္ပံဘက်ကို,၀ါသနာထုံ,တဲ့,အစ်,ကို,နဲ့,မတူဘဲ,ဝိဇ္ဇာနဲ့,လူမှုသိပ္ပံဘက်ကို,အား,သန်,တဲ့,ဒေါ်အောင်ဆန်းစုကြည်ယူ,တဲ့,ဘာသာရပ်တွေ,က,လည်း,နိုင်ငံရေးခေါင်းဆောင်လောင်းတွေဆည်းပူးလေ့ရှိ,တဲ့,ဘာသာ,တွဲ,ဖြစ်ပါတယ်,။,,,,,,,,,,,,,,,,,,,,,,,,,,,,,,
တဖက်,မှာ,လည်း,စစ်ကောင်စီ,နဲ့,နီးစပ်,တဲ့,နိုင်ငံရေးအကဲခတ်တချို့,က,တော့တရုတ်,မြန်မာ,နယ်စပ်,က,နေတရုတ်ဘက်,က,ငလျင်ဘေးအကူအညီပေးရေး,အဖွဲ့တွေ,နယ်စပ်လမ်းကြောင်း,တွေ,က,နေဝင်ရောက်နိုင်,ဖို့,တရုတ်ဖိ,အား,နဲ့,မြောက်ပိုင်း,ညီနောင်,အဖွဲ့တွေ,က,အပစ်ရပ်ကြေညာတာ,လို့,ပြောဆိုချက်,တွေ,ရှိပါတယ်,။,,,,,,,,,,,,,,,,,,
ရခိုင်ပြည်နယ်,၊,မောင်တောဒေသ,မှာ,၂၀၁၇,ခုနှစ်,က,ရိုဟင်ဂျာတွေအပေါ်လူမျိုးတုံးသတ်ဖြတ်မှု,နဲ့,ဆက်စပ်,ပြီး,အာဂျင်တီးနား,တရားရုံး,က,ထုတ်လိုက်,တဲ့,ဖမ်းဝရမ်း,ထဲက,နေဒေါ်အောင်ဆန်းစုကြည်,နဲ့,သမ္မတ,ဦးထင်ကျော်,ကို,ရုပ်သိမ်းပေး,ဖို့,အမျိုးသားညီညွတ်ရေးအစိုးရ,NUG ,ကထုတ်ပြန်တောင်းဆိုလိုက်ပါတယ်,။,,,,,,,,,,,,,,,,,,,,,,,,
ဒါ့,ကြောင့်,ငလျင်လှုပ်ခတ်,ပြီး,ချိန်တုန်း,က,မကွေး,တိုင်း,တောင်တွင်းကြီး,မြို့နယ်,ထဲက,လက်နှိပ်တုံကင်တချို့ကနေရေတွေအလို,အလျောက်,ပန်းထွက်လာ,သလို,မန္တလေးတိုင်း,မြစ်သားမြို့,မှာ,လမ်း,တွေ,၊,ခြံ,တွေ,ထဲက,နေရေတွေပန်းထွက်လာတာတွေ,လည်း,ဖြစ်ခဲ့ပါတယ်,။,,,,,,,,,,,,,,,,,,,,,,,,,
နေမကောင်း,ရင်,လည်း,ခွင့်မရဘူး,လို့,လုပ်ငန်းခွင်,မှာ,ရင်,ဆိုင်နေရ,တဲ့,အခြေအနေတွေ,ကို,ပြောပြပါတယ်,။,,,,,,,,,,,,,,,,,,,,,,,,,,,,,,,,,,,,,,,
အခုတော့အဲဒီစက်ရုံ,ရဲ့,တစ်ဖက်ခြမ်း,မှာ,ရှိ,တဲ့,ပြိုင်းစေ့ကေ,၊,ကပ်သပြေ,နဲ့,မလကျွန်းကျွေးရွာတွေ,မှာ,အေအေ,နဲ့,စစ်တပ်,တို့,ထိတွေ့တိုက်ပွဲ,တွေ,ဆက်ဖြစ်နေ,ပြီး,စစ်တပ်,က,ဒရုန်း,တွေ,ကို,အဓိ,က,ထားသုံးနေတယ်,လို့,စစ်ရေးသတင်းရင်းမြစ်,က,ဘီဘီ,စီ,ကို,ပြောပါတယ်,။,,,,,,,,,,,,,,,,,
တအာင်းဗဟိုအထွေထွေအုပ်ချုပ်ရေးဌာနအောက်,က,အုပ်ချုပ်ရေးနယ်မြေ,များတွေ,ကို,လည်း,ခရိုင်,ငါးခု,နဲ့,ခွဲခြားသတ်မှတ်ထား,ပြီး,ကွတ်ခိုင်,မြို့နယ်,က,သံလွင်ခရိုင်,ထဲမှာ,ပါ,ဝင်ပါတယ်,။,,,,,,,,,,,,,,,,,,,,,,,,,,,,,,,,,,
လက်ရှိအချိန်,အထိ,F,7,လေယာဉ်,၁၈,စင်း,အထိ,အသုံးပြုနေဆဲ,ပဲ,လို့,လေတပ်အရာရှိ,တစ်ဦး,က,ဘီဘီ,စီ,ကို,ပြောပါတယ်,။,,,,,,,,,,,,,,,,,,,,,,,,,,,,,,,,,,
မန္တလေးတိုင်းထဲကမှ,အမ,ရပူရမြို့နယ်,မှာ,၃၁၁,ဦး,နဲ့,အများဆုံးသေဆုံး,ခဲ့ကာ,ပျော်ဘွယ်,မှာတော့,၂၃၃,ဦး,သေဆုံးခဲ့,ပြီး,တခြား,မြို့နယ်တွေ,မှာ,သေဆုံးသူ,၁၅၀၀,ကျော်ရှိခဲ့ပါတယ်,။,,,,,,,,,,,,,,,,,,,,,,,,,,,,,,,
ရိုးမတလျှောက်တောလမ်း,က,နေသွား,ရင်,တော့,တစ်ယောက်,ကို,ကျပ်,၅,သိန်း,က,နေ,၁၀,သိန်း,အထိ,ဈေးပေါက်နေ,ပြီး,ရေကြောင်း,က,နေသွားမယ်ဆို,ရင်,တော့,တစ်ယောက်,ကို,ကျပ်,၃,သိန်း,က,နေ,၅,သိန်း,အထိ,ဈေးပေါက်နေတယ်,လို့,သူ,က,ဆက်ပြောပါတယ်,။,,,,,,,,,,,,,,,
ဒါကြောင့်,အဲဒီကာယကံရှင်အမျိုးသမီး,တွေ,ဟာဒီနစ်နာမှု,တွေ,ကို,မျိုသိပ်ထားရ,တဲ့,စိတ်ဒဏ်ရာခံစားချက်,တွေ,နဲ့,ဆက်ရှင်,သန်နေရ,သလို,ဖွင့်ဟမျိုသိပ်ရမှု,ကြောင့်,အမှုဖြစ်စဥ်အရေ,အတွက်,ကို,တိတိကျကျမှတ်တမ်းတင်,ဖို့,ခက်သွားတယ်,လို့,မသဉ္ဇာရွှန်းလဲ့ရည်က,ပြောပါတယ်,။,,,,,,,,,,,,,,,,,,,,,,,,,,,
နိုင်ငံကူးလက်မှတ်,ကို,တောင်သူ,တို့,အလုပ်ရှင်,တွေ,က,သိမ်းထားခဲ့တာ,ပါ,။,,,,,,,,,,,,,,,,,,,,,,,,,,,,,,,,,,,,,,,,,,,
ရန်ပုံငွေမလုံလောက်,လို့,မြန်မာနိုင်ငံ,က,လူ,တစ်သန်း,ကို,စားနပ်ရိက္ခာအကူအညီတွေ,ဆက်မထောက်ပံ့နိုင်တော့ဘူး,လို့,ကမ္ဘာ့စားနပ်ရိက္ခာအစီအစဥ်,WFP ,က,မတ်,လ,၁၄,ရက်,မှာ,ထုတ်ပြန်လာပါတယ်,။,,,,,,,,,,,,,,,,,,,,,,,,,,,,,,,,,
အခြေခံအဆောက်အအုံပိုင်းပျက်စီးသွားမှု,ရဲ့,အတိုင်းအတာပမာဏဟာဒေါ်လာသန်းပေါင်း,၅,ထောင်လောက်,ထိ,မြင့်မားနိုင်တာ,ကြောင့်,အဲဒီလောက်အတိုင်းအတာပမာဏ,မျိုး,ပြည့်မှီ,ဖို့,အထိနိုင်ငံတကာအသိုင်းအဝိုင်း,ထံ,က,နေရ,ဖို့,မဖြစ်နိုင်,ပါ,ဘူး,လို့,သူ,က,ပြောပါတယ်,။,,,,,,,,,,,,,,,,,,,,,,,,,,,,
မင်းကင်း,က,မင်္ဂလာဆောင်,ဗုံးကြဲခံရမှုသေဆုံးသူ,၂၉,ဦး,ရှိ,,,,,,,,,,,,,,,,,,,,,,,,,,,,,,,,,,,,,,,,,,,,,,
မြင်,လည်း,မြင်သာတယ်,။,,,,,,,,,,,,,,,,,,,,,,,,,,,,,,,,,,,,,,,,,,,,,,,,,
တပ်ဖွဲ့ဝင်,၁၀,ဦး,ကို,မဏိပူရ,ပြည်နယ်,ရဲ့,နယ်စပ်လုံခြုံရေး,နဲ့,သောင်းကျန်းသူနှိမ်နှင်းရေးတာဝန်ယူထား,တဲ့,Assam Rifles ,အာသံရိုင်ဖယ်တပ်,က,နေပစ်ခတ်ခဲ့တယ်,လို့,အိန္ဒိယစစ်တပ်,အ,ပါ,အဝင်,အိန္ဒိယသတင်းဌာနတွေကနေ,ထုတ်ပြန်ဖော်ပြခဲ့ပါတယ်,။,,,,,,,,,,,,,,,,,,,,,,,,,,,,,,
ဖားကန့်ဒေသအရပ်သားတွေအပေါ်ပစ်မှတ်ထားပစ်ခတ်မှုတွေရှိနေ,,,,,,,,,,,,,,,,,,,,,,,,,,,,,,,,,,,,,,,,,,,,,,,,,,,,
ပုဂ္ဂလိကျောင်းတွေက,အသုံးစရိတ်မလုံလောက်,တဲ့,ပြဿနာဖြစ်တယ်,။,,,,,,,,,,,,,,,,,,,,,,,,,,,,,,,,,,,,,,,,,,,,,,,,
ဒါပေမဲ့,အေအေဟာဂွ,မြို့နယ်,ကို,သိမ်းပိုက်,ပြီးနောက်,ပိုင်း,မှာ,ရသေ့တောင်,၊,ပုဏ္ဏားကျွန်းတို့က,တဆင့်တဖြည်းဖြည်းစိမ့်ဝင်,ပြီး,စစ်,တွေ,ကို,ဝင်ရောက်,ဖို့,ကြိုးစားနေကြတယ်,လို့,စစ်ရေးအကဲခတ်တွေ,က,ပြောပါတယ်,။,,,,,,,,,,,,,,,,,,,,,,,,,,,,,
မိုးဗြဲ,ကို,ရရှိထား,တဲ့,စစ်ကောင်စီအနေ,နဲ့,အဲဒီဒေသတဝိုက်,မှာ,ဘယ်လိုစစ်ရေးလှုပ်ရှားမှုတွေ,ဆက်လုပ်လာနိုင်မလဲ,။,,,,,,,,,,,,,,,,,,,,,,,,,,,,,,,,,,,,,,,,,,
အသည်းရောင်အသားဝါ,ရော,ဂါ,ကြောင့်,အသည်း,ရော,ဂါ,ကို,ခံစားရမှုပြင်းထန်လာချိန်,မှာ,နိုင်ငံ,ရပ်ခြား,မှာ,အသည်းအစားထိုးကုသမှုလုပ်သင့်ကြောင်းပြည်တွင်း,ဆရာ,ဝန်တွေ,က,အကြံပြုပါတယ်,။,,,,,,,,,,,,,,,,,,,,,,,,,,,,,,,,,,
အန်နဝါအီဘရာဟင်အ,ရင်,က,မြန်မာ,နဲ့,ပတ်,သက်,ပြီး,ပြောခဲ့တာတွေ,ကို,ပြန်ကြည့်,ရင်,မြန်မာ,စစ်ခေါင်းဆောင်,ကို,အ,များ,ကြီးပြစ်တင်ဝေဖန်ခဲ့တယ်,။,,,,,,,,,,,,,,,,,,,,,,,,,,,,,,,,,,
လစ်လပ်သွား,တဲ့,မုံ,ရွာ,အခြေစိုက်အနောက်,မြောက်တိုင်း,စစ်,ဌာန,ချုပ်,တိုင်း,မှူး,နေရာ,ကို,ဗိုလ်မှူးချုပ်,မျိုး,မင်းထွေးရောက်လာပါတယ်,။,,,,,,,,,,,,,,,,,,,,,,,,,,,,,,,,,,,,
အချိန်မိနစ်,၂၀,ပေးမယ်,၊,ထွက်မလာ,ရင်,လိုရင်းတိုရှင်း,ပဲ,မင်း,တို့,ကို,ငါတို့,လုပ်ရလိမ့်မယ်,,,,,,,,,,,,,,,,,,,,,,,,,,,,,,,,,,,,,,,,
အခုကျွန်တော်တို့ဒီ,Operation ,စစ်ဆင်ရေး,ပထမ,အပိုင်း,ရော,၊,ဒုတိယအပိုင်း,ရော,ကျွန်တော်တို့,ချိန်ကြည့်လိုက်မယ်,ဆို,ရင်,နှစ်ပတ်,လည်သွား,ပြီ,ပေါ့နော်,။,,,,,,,,,,,,,,,,,,,,,,,,,,,,,,,,,,,
မြင်,တဲ့,သူ,တွေ,ရဲ့,လုံခြုံရေး,ကြောင့်,တော့ဘယ်,နေရာ,က,နေဘယ်လိုမြင်ခဲ့တယ်,ဆိုတာတော့မပြောတော့ဘူး,လို့,တမူး,မြို့,က,တော်လှန်ရေးတပ်ဖွဲ့ဝင်,တစ်ယောက်,က,ပြောပါတယ်,။,,,,,,,,,,,,,,,,,,,,,,,,,,,,,,,,
မိုးဗြဲမြို့ပေါ်ရပ်ကွက်အကုန်လုံး,ကို,စစ်,ကောင်စီတပ်တွေ,က,တပ်စွဲလိုက်,ပြီ,လို့,ကရင်နီ,အမျိုးသားများ,ကာကွယ်,ရေးတပ်,KNDF ,သတင်း,နဲ့,ပြန်ကြားရေးတာဝန်ခံတာအယ်စိုး,က,ပြောပါတယ်,။,,,,,,,,,,,,,,,,,,,,,,,,,,,,,,,,,,
သမိုင်းအချက်အလက်,နဲ့,ရှေးဟောင်းအမွေအ,နှစ်,ဆိုင်ရာပညာရှင်,တွေ,က,တော့,ဒီလိုကမ္ဘာ့အမွေအနှစ်နေရာတွေမှာ,စစ်မက်ဖြစ်ပွား,စေ,တဲ့,အဖွဲ့အစည်းဒါ,မှ,မဟုတ်,လူပုဂ္ဂိုလ်တွေကို,နိုင်ငံ,တကာရာဇဝတ်ခုံရုံးအိုင်,စီစီ,အထိတိုင်ကြားနိုင်,သလို,အရေးယူခံရ,တဲ့,သာဓ,က,တွေ,လည်း,ရှိတယ်,လို့,သတိပေးနေကြပါတယ်,။,,,,,,,,,,,,,,,,,,,,,,
မင်းကွန်း,ဆရာတော်,ကြီး,ဘဒ္ဒန္တ,ဝိစိတ္တသာရာ,ဘိဝံသဟာ,မြန်မာနိုင်ငံ,မှာ,တိပိဋ,က,ဓရတိပိဋ,က,ကောဝိဒဘွဲ့,ကို,ပထမ,ဆုံးရရှိခဲ့,ပြီး,ဂင်းနစ်စံချိန်မှတ်တမ်း,မှာ,မှတ်ဉာဏ်အကောင်းဆုံးဆု,ကို,လည်း,ရရှိခဲ့တာ,ပါ,။,,,,,,,,,,,,,,,,,,,,,,,,,,,,
ဘင်္ဂလားပင်လယ်အော်,တောင်ပိုင်း,က,လေဖိ,အား,နည်းရပ်ဝန်း,က,တဆင့်မုန်,တိုင်း,ဖြစ်လာနိုင်ခြေ,နဲ့,မြန်မာ့ကမ်းရိုးတန်းဘက်,ကို,တိမ်တိုက်,တွေ,ရွေ့လျားဝင်ရောက်လာမယ်ဆို,ရင်,ဧပြီ,၈,ရက်,နေ့,မှာ,စတင်မိုး,ရွာ,နိုင်တယ်,လို့,လည်း,ပြောပါတယ်,။,,,,,,,,,,,,,,,,,,,,,,,,
အဲဒီလမ်းပိုင်း,မှာ,၃,နေရာ,လောက်မြေပြိုခဲ့တာ,ကြောင့်,ယာဥ်ငယ်တွေ,ပဲ,အသုံးပြု,လို့,ရ,တဲ့,အခြေနေ,လို့,ဒေသခံတွေ,က,ပြောပါတယ်,။,,,,,,,,,,,,,,,,,,,,,,,,,,,,,,,,,,,
သူ,တို့,ရဲ့,မူရင်းတပ်ရင်းတွေဆီဆက်သွယ်,ပြီး,ပေးပို့ပေးခဲ့တာဖြစ်တယ်,လို့,TNLA ,ပြန်ကြားရေးတာဝန်ခံလွေးယေဦး,က,မတ်,၉,ရက်,ညပိုင်း,မှာ,ဘီဘီစီ,ကို,ဖြေကြားပါတယ်,။,,,,,,,,,,,,,,,,,,,,,,,,,,,,,,,,,,
ထီးခီးဒေသ,ကို,KNU ,ကထီးမိုပွာဒေသ,လို့,ခေါ်,ပြီး,တချိန်,က,KNU ,တပ်မဟာ,၄,နဲ့,ခရိုင်,ဌာန,ချုပ်အခြေစိုက်ခဲ့,တဲ့,နေရာဖြစ်ပါတယ်,။,,,,,,,,,,,,,,,,,,,,,,,,,,,,,,,,,,
နေအိမ်တွေအကုန်မြုပ်,တဲ့,အထိ,တော့မဖြစ်သေး,ပါ,ဘူး,လို့,ဘားအံမြို့ခံ,တစ်ယောက်,က,ပြောပါတယ်,။,,,,,,,,,,,,,,,,,,,,,,,,,,,,,,,,,,,,,,,,,
အိမ်အဟောင်းတွေ,ကို,ပြန်ဆောက်,ဖို့,အရေးကြီးပါတယ်,။,,,,,,,,,,,,,,,,,,,,,,,,,,,,,,,,,,,,,,,,,,,,,,,
NUG ,နဲ့,စစ်ရေး,၊,နိုင်ငံ,ရေးပူးပေါင်းတာ,လုံး,ဝလုပ်,မှာ,မဟုတ်ဘူး,ဆို,တဲ့,ကြေညာချက်,ကို,ကိုးကန့်,က,ထုတ်,သလို,၊,တပ်မဟာ,၆၁၁,မှာ,ပါဝင်ခဲ့,တဲ့,တပ်တွေ,ရဲ့,ရှမ်းမြောက်,ကိုးကန့်မြေ,က,နေစွန့်ခွာခန်းတွေ,ပါ,ဆက်တိုက်ဖြစ်ပျက်ခဲ့ပါတယ်,။,,,,,,,,,,,,,,,,,,,,
ရွေးကောက်ပွဲ,က,နေထွက်ပေါ်လာမယ့်အစိုးရ,ကို,နိုင်ငံတော်,တာဝန်လွှဲအပ်နိုင်ရေးဆက်လက်ဆောင်ရွက်သွားမယ်,လို့,စစ်ကောင်စီဥက္ကဋ္ဌ,ဗိုလ်ချုပ်မှူးကြီး,မင်းအောင်လှိုင်ကလွတ်လပ်ရေး,နေ့,မိန့်,ခွန်း,မှာ,ကတိပြုလိုက်ပါတယ်,။,,,,,,,,,,,,,,,,,,,,,,,,,,,,,,,,,,,,,
၂၀၁၉,ခုနှစ်,ကိုဗစ်ကာလ,မှာ,ကျောက်စိမ်းတူးဖော်တာ,တွေ,ကို,ရပ်ဆိုင်းခဲ့,ပေမဲ့,အာဏာသိမ်း,ပြီးနောက်,ဖားကန့်,မှာ,နေ့,ရော,ည,ပါ,ကျောက်စိမ်းတူးဖော်ရေးလုပ်ငန်း,တွေ,ပြန်လည်,ပတ်,နေပါတယ်,။,,,,,,,,,,,,,,,,,,,,,,,,,,,,,,
သယံဇာတထွက်ရှိ,တဲ့,ဖားကန့်,က,ကျောက်မျက်တူးဖော်ရေးလုပ်ငန်းအများစု,၊,မိုးကုတ်,က,ပတ္တမြားတွင်းတွေနဲ့,အညာတကြော,နဲ့,မတ္တရာစဥ့်ကူးက,ရွှေတွင်းတွေ,ကို,လက်လွှတ်ထားရ,တဲ့,စစ်ကောင်စီ,အတွက်,စွမ်းအင်ကဏ္ဍကနေ,ဝင်ငွေတွဆက်ရနေ,ဖို့,၊,တိုးရနေ,ဖို့,က,အရေးတကြီးဖြစ်လာနေပါတယ်,။,,,,,,,,,,,,,,,,,,,,,,,,,,
ငလျင်,ကြောင့်,စိုက်ပျိုးမြေဟက်တာသန်း,နဲ့,ချီပျက်စီးနိုင်,,,,,,,,,,,,,,,,,,,,,,,,,,,,,,,,,,,,,,,,,,,,,,,,
ကိုဝေယံဖြိုးမိုး,ကို,၂၀၂၁,ခုနှစ်,ဒီဇင်ဘာ,မှာ,ကျောက်တံတားမြို့နယ်တရားရုံး,က,အလုပ်ကြမ်း,နဲ့,ထောင်ဒဏ်,နှစ်နှစ်,နဲ့,တစ်လ,၊,၂၀၂၂,ခုနှစ်,ဖေဖော်ဝါရီ,၂၈,ရက်,မှာ,အင်းစိန်ထောင်တွင်းရုံး,က,နေအလုပ်ကြမ်း,နဲ့,ထောင်ဒဏ်,သုံးနှစ်,နဲ့,စက်တင်ဘာ,၂၈,ရက်,မှာ,မရမ်းကုန်းမြို့နယ်တရားရုံး,က,ထောင်ဒဏ်,၂,နှစ်,စုစုပေါင်းထောင်ဒဏ်,၇,နှစ်,ကျော်ချမှတ်ခံထားရတာဖြစ်ပါတယ်,။,,,,,,,,,,,
ဒီလိုအဘက်ဘက်,က,စည်,ပင်,ထွန်းကားခဲ့,တဲ့,ရတနာပုံခေတ်,မှာ,ကနောင်မင်းသားလုပ်ကြံခံရမှု,၊,ပန်းတိမ်းမင်းသားပုန်ကန်မှု,၊,မင်းတုန်းမင်းနတ်ရွာစံချိန်,မှာ,မင်းသားမင်းသမီး,နဲ့,မိဘု,ရားတွေ,သတ်ဖြတ်ခံရမှု,စတဲ့,နန်းတွင်းသတ်ဖြတ်ပွဲ,၊,ပုန်ကန်မှု,တွေ,နဲ့,ကြုံခဲ့ရ,ပြီး,မှူးကြီး,မတ်,ကြီး,တွေ,ကြား,မှာ,မညီမညွတ်,နဲ့,အုပ်စု,ဖွဲ့,အားပြိုင်မှု,တွေ,ကြောင့်,၁၈၈၅,ခုနှစ်,မှာ,သီပေါမင်း,နဲ့,မိဘုရား,တို့,ပါတော်မူ,ပြီး,မြို့တော်အဖြစ်,က,လျှောကျခဲ့ပါတယ်,။
ဒါ,ကြောင့်,ရခိုင်,မြောက်ပိုင်း,အပြင်,တောင်ပိုင်း,က,ဒေသခံ,တွေ,ဟာအကျိုးဆောင်ပွဲစား,တွေ,နဲ့,ချိတ်ဆက်,၊,အခကြေးငွေပေး,ပြီး,ရခိုင်ပြည်နယ်,ထဲက,ထွက်ခွာနေကြရတယ်,လို့,အကျိုးဆောင်,နဲ့,နီးစပ်သူ,တစ်ဦး,က,ပြောပါတယ်,။,,,,,,,,,,,,,,,,,,,,,,,,,,
မြန်မာ့ငလျင်ဘေး,အတွက်,နိုင်ငံ,တကာ,က,ကူညီကယ်ဆယ်ရေးအဖွဲ့တွေ,က,လည်း,ငလျင်ဘေးသင့်ဒေသတွေ,မှာ,ယာယီဆေးရုံ,၊,ဆေးပေးခန်း,တွေ,ဖွင့်လှစ်ကုသပေးတာ,တွေ,၊,ရွေ့လျားဆေးခန်း,တွေ,နဲ့,ဆေးကုသပေးတာတွေ,လုပ်ဆောင်ပေးနေပါတယ်,။,,,,,,,,,,,,,,,,,,,,,,,,,,,,,,
အခုတော့ဒီနယ်တကြော,ကို,ထိန်းချုပ်လိုက်,တဲ့,မန်း,PDF ,ဟာတနိုင်တပိုင်ရွှေလုပ်ငန်းရှင်,တွေ,ရဲ့,လုပ်ကွက်,တွေ,ကို,သိမ်းယူထားတာတွေ,ရှိတယ်,လို့,ဒေသခံ,၃,ဦး,ထက်မနည်း,က,ဘီဘီစီ,ကို,ပြောပါတယ်,။,,,,,,,,,,,,,,,,,,,,,,,,,,,,,
ပျက်ကျ,တဲ့,ဖြစ်စဥ်,က,အများဆုံး,ဖြစ်ပြီး,လေယာဉ်,ရော,လူ,ပါ,ပျက်စီးဆုံးရှုံးမှု,များ,တဲ့,အကြောင်းလေ,တပ်အရာရှိ,တစ်ဦး,က,ပြောပါတယ်,။,,,,,,,,,,,,,,,,,,,,,,,,,,,,,,,,,,
အသိပေးချက်ဒီဆောင်းပါး,မှာ,ပါ,ဝင်ဖြေဆိုထား,တဲ့,ဆရာ,ဆရာမ,တွေ,ကို,လုံခြုံရေး,အရ,အ,မည်,လွှဲထားပါတယ်,။,,,,,,,,,,,,,,,,,,,,,,,,,,,,,,,,,,,,,,
Y,8၅၈၂၁,လေယာဉ်ဟာတရုတ်,က,နေစ,ပြီး,ဝယ်ယူ,တဲ့,အချိန်,ကတည်းက,ချို့ယွင်းချက်တချို့ပါလာခဲ့တယ်,လို့,သူ,က,ရှင်းပြပါတယ်,။,,,,,,,,,,,,,,,,,,,,,,,,,,,,,,,,,,,,,
သူ,က,လက်နက်,တွေ,နဲ့,တပ်ဖွဲ့အရွှေ့အပြောင်းလုပ်,တဲ့,သတင်းအချက်အလက်,တွေ,ကို,ဖရဲသီးတပ်ဖွဲ့တွေဆီ,ကို,စ,ပြီး,ပို့ပေးခဲ့ပါတယ်,။,,,,,,,,,,,,,,,,,,,,,,,,,,,,,,,,,,,,,
ဘင်္ဂလားပင်လယ်အော်မှာဖြစ်ပေါ်နေတဲ့,လေပွေလှိုင်း,ရဲ့,အရှိန်,ကြောင့်,ဖြစ်ပါတယ်,။,,,,,,,,,,,,,,,,,,,,,,,,,,,,,,,,,,,,,,,,,,,,,,
ဒီဂျစ်တယ်,ပလက်ဖောင်းအသုံးပြုတွေ,မှာ,ဘယ်လိုစိန်ခေါ်မှု,တွေ,ရှိလာနိုင်,ပါ,လဲ,။,,,,,,,,,,,,,,,,,,,,,,,,,,,,,,,,,,,,,,,,,,,,
ဒါတင်,မက,မိသားစုအတွင်းစစ်မှုထမ်းရန်အကျုံးဝင်အသက်အရေ,အတွက်,၁,ဦး,ထက်ပို,ရင်,ကျန်သူတွေ,က,လည်း,အလှည့်ကျတာဝန်ဆက်ထမ်းရ,မှာ,ဖြစ်ပါတယ်,။,,,,,,,,,,,,,,,,,,,,,,,,,,,,,,,,,,,,,,
ပြီး,ခဲ့,တဲ့,ဖေဖော်ဝါရီ,၂၇,ရက်,မှာ,တိုက်ပွဲပြင်းထန်ခဲ့,တဲ့,ကျောက်ဖြူရှောက်ချောင်းကျေးရွာ,မှာ,လည်း,စစ်ကောင်စီတပ်ဖွဲ့ဝင်တွေ,က,ထွက်ခွာခွင့်မပေး,လို့,လက်ရှိအချိန်,အထိ,ဒေသခံ,တွေ,ပိတ်မိနေတယ်,လို့,လည်း,ဒေသခံ,တွေ,က,ပြောပါတယ်,။,,,,,,,,,,,,,,,,,,,,,,,,,
အေအေ,က,စစ်,တွေမြို့မြောက်,ဘက်,က,စစ်တပ်စခန်းတွေ,ကို,လက်နက်ကြီး,နဲ့,ပစ်ခတ်နေတာ,ဖြစ်ပြီး,စစ်,တပ်,ဘက်,က,လည်း,လက်နက်ကြီး,နဲ့,ပြန်ပစ်ခတ်နေတာ,လို့,သူ,က,ရှင်းပြပါတယ်,။,,,,,,,,,,,,,,,,,,,,,,,,,,,,
လှိုင်သာယာမြို့နယ်,အနောက်ပိုင်း,နဲ့,အင်းစိန်,မြို့နယ်,မှာ,အများ,ဆုံးဖမ်းဆီးရမိခဲ့တယ်,လို့,သိရပါတယ်,။,,,,,,,,,,,,,,,,,,,,,,,,,,,,,,,,,,,,,,,,,,
မဟာမိတ်တပ်ပေါင်းစု,ကို,ဘယ်လို,ဦး,ဆောင်မှု,နဲ့,ဖွဲ့စည်း,မှာ,ပါ,လဲ,။,,,,,,,,,,,,,,,,,,,,,,,,,,,,,,,,,,,,,,,,,,
ငလျင်ဒဏ်အဆိုးဆုံးခံခဲ့ရ,တဲ့,မန္တလေး၊,စစ်ကိုင်း,နဲ့,နေပြည်တော်,တို့,မှာ,မိုးရာသီ,မတိုင်ခင်ကယ်ဆယ်ရှင်းလင်းရေး,တွေ,အရှိန်မြှင့်လုပ်,ဖို့,နဲ့,နေအိမ်ဆုံးရှုံးခဲ့သူ,တွေ,အတွက်,ယာယီနေရာထိုင်ခင်းတွေစီစဉ်ပေး,ဖို့,ငလျင်သင့်ဒေသ,က,လူထုအများစု,က,တောင်းဆိုနေကြပါတယ်,။,,,,,,,,,,,,,,,,,,,,,,,,,,,,
နောင်ချိုမြို့နယ်,ကို,စစ်ကြောင်းထိုးနေ,တဲ့,စစ်ကောင်စီတပ်တွေ,ဟာထောင်ချီရှိတယ်,လို့,လည်း,ဒေသတွင်းအခြေအနေသိရှိသူတွေ,က,ပြောကြ,ပေမဲ့,ဘီဘီစီအနေ,နဲ့,သီးခြားအတည်မပြုနိုင်သေး,ပါ,ဘူး,။,,,,,,,,,,,,,,,,,,,,,,,,,,,,,,,,,,,
သြစတြေးလျ,၊,ကာတင်းတက္ကသိုလ်,Curtin University ,စီးပွားရေး,နှင့်,ဥပဒေ,ဌာန,က,တွဲဖက်ပါမောက္ခ,ဒေါက်တာထွေးထွေးသိန်းကတော့,အမေရိကန်,ရဲ့,Mytel ,အပေါ်အရေးယူပိတ်ဆို့မှု,က,Viettel ,ရဲ့နိုင်ငံတကာစျေးကွက်အတွင်းရပ်တည်မှုပိုင်း,ကို,လည်း,ကြီးကြီးမားမားထိခိုက်သွားတယ်,ဆို,တဲ့,ရှုထောင့်,က,သုံးသပ်ပြပါတယ်,။,,,,,,,,,,,,,,,,,,,,,,,,,,
၂၀၂၅,ခုနှစ်,၊,ဖေဖော်ဝါရီ,တတိယအပတ်,မှာတော့,တောင်ခမ်း,မှာ,တိုက်ပွဲပြန်လည်ပြင်းထန်နေပါတယ်,။,,,,,,,,,,,,,,,,,,,,,,,,,,,,,,,,,,,,,,,,,,,
စစ်မှုထမ်းမဲနှိုက်ရွေးချယ်မယ့်ရပ်ကွက်တွေ,မှာ,စစ်သား,တွေ,ပါဝင်,တဲ့,အဖွဲ့,တစ်ခု,က,လော်စပီကာ,တွေ,နဲ့,အ,ရင်,ဆုံးအသိပေး,ပြီး,သတ်မှတ်,တဲ့,နေ့,မှာ,စစ်မှုထမ်းအသက်ကန့်သတ်ချက်အကျူံးဝင်သူ,အား,လုံး,ကို,ခေါ်ယူမဲနှိုက်ရွေးချယ်,တဲ့,စနစ်,ပါ,။,,,,,,,,,,,,,,,,,,,,,,,,
ဒါကြောင့်,စစ်,တပ်,ရဲ့,လက်နက်တွေ,နဲ့,ဝေး,တဲ့,လယ်တောဘက်,ကို,အကုန်,လုံး,ထပ်ရွှေ့ရပြန်ပါတယ်,။,,,,,,,,,,,,,,,,,,,,,,,,,,,,,,,,,,,,,,,
ပြီးတော့,ရန်ပုံငွေ,တွေ,ကို,ဘယ်လိုစီမံခန့်ခွဲ,ပါ,သလဲ,။,,,,,,,,,,,,,,,,,,,,,,,,,,,,,,,,,,,,,,,,,,,,,
ဒီအကြောင်း,ကို,ကိုမောင်ပြောပြ,မှာ,ပါ,။,,,,,,,,,,,,,,,,,,,,,,,,,,,,,,,,,,,,,,,,,,,,,,,
အင်,အား,ပြင်းငလျင်လှုပ်ခတ်ခဲ့,ပြီး,တဲ့,နောက်အဆောက်အဦပြိုကျပျက်စီးမှု,တွေ,ထဲမှာ,ဆေးရုံဆေးခန်းတွေ,လည်း,ပါဝင်ခဲ့,သလို,ငလျင်,ကြောင့်,ထိခိုက်ဒဏ်ရာရသူ,တွေ,အတွက်,ကျန်းမာရေးစောင့်ရှောက်မှုတွေ,လိုအပ်နေဆဲဖြစ်ပါတယ်,။,,,,,,,,,,,,,,,,,,,,,,,,,,,,,,,,,
အောက်,ကို,ပိုရောက်သွား,တဲ့,အခါ,မှာ,အပေါ်,မှာ,ရှိနေ,တဲ့,ပင်မရေ,တွေ,က,လည်း,ကျသွားတတ်တာ,ပဲ,လေ,။,,,,,,,,,,,,,,,,,,,,,,,,,,,,,,,,,,,
စစ်ကောင်စီပြန်ကြားရေးခေါင်းဆောင်,ဗိုလ်,ချုပ်ဇော်မင်းထွန်း,က,တော့သပိတ်ကျင်းဒေသတင်,မက,နောက်ထပ်,နေရာတွေ,ကို,လည်း,သိမ်းပိုက်နိုင်မယ်,လို့,မြင်ပါတယ်,လို့,ဘီဘီ,စီ,ကို,ပြောပါတယ်,။,,,,,,,,,,,,,,,,,,,,,,,,,,,,,,,,,,
ဝေဟင်စစ်ဆင်ရေး,အတွက်,ဒီဇိုင်းဆွဲထား,တဲ့,ကြားဖြတ်တိုက်လေ,ယာဥ်,ကို,အ,ခု,လိုမြေပြင်စစ်ဆင်ရေး,အတွက်,အသုံးပြု,တဲ့,အပေါ်,တပ်,တွင်း,မှာ,ပါ,ဝေဖန်နေကြပါတယ်,။,,,,,,,,,,,,,,,,,,,,,,,,,,,,,,,,,
သူ့ပတ်ဝန်းကျင်,က,အိမ်ထောင်ရှင်,တွေ,လည်း,ကလေးယူ,ဖို့,ကို,မတွေးနိုင်ကြဘူး,လို့,ဆိုပါတယ်,။,,,,,,,,,,,,,,,,,,,,,,,,,,,,,,,,,,,,,,,,,
ဒုက္ခသည်လက်ခံရေးအစီအစဉ်,ဆိုင်းငံ့,တဲ့,ဥပဒေ,ပြီး,ရင်,ဒီ,တစ်ခါ,ကန့်သတ်ချက်ဟာ,မြန်မာနိုင်ငံ,သား,တွေ,ရဲ့,အမေရိကန်,အိမ်မက်,ကို,ထပ်,ပြီး,ပျက်ပြယ်,စေ,တဲ့,ထရမ့်,ရဲ့,အမိန့်တစ်ရပ်ဖြစ်ပါတယ်,။,,,,,,,,,,,,,,,,,,,,,,,,,,,,
ကယ်ဆယ်ရေးလုပ်ငန်းစဉ်တွေ,မှာ,လူ့အခွင့်အရေး,အရ,သာတူညီမျှ,ဖို့,၊,ထိရောက်မှုရှိ,ဖို့,၊,လူကုန်ကူးခံရသူတွေ,ကို,သူ,တို့,နေရပ်နိုင်ငံတွေဆီဘေးကင်းကင်း,နဲ့,ပြန်နိုင်,ဖို့,တွေ,အတွက်,ပူးပေါင်းဆောင်ရွက်ကြ,ဖို့,ဖြစ်ပါတယ်,။,,,,,,,,,,,,,,,,,,,,,,,,,,,,,
နောက်နှစ်ဆိုအသက်,၈၀,ပြည့်,ပြီ,။,,,,,,,,,,,,,,,,,,,,,,,,,,,,,,,,,,,,,,,,,,,,,,,,
မိုးဇလ,ရဲ့,ခန့်မှန်းချက်,အရ,မြစ်ကြီးနားမြို့,ရဲ့,အောက်ဘက်ပိုင်း,က,ဧရာဝတီမြစ်,စီးဆင်း,ရာမြို့,တွေ,မှာ,မြစ်,ရေဆက်လက်မြင့်တက်နေ,သလို,ဆက်လက်မြင့်တက်,ဖို့,ရှိတယ်,လို့,ခန့်မှန်းထားပါတယ်,။,,,,,,,,,,,,,,,,,,,,,,,,,,,,,,,
အထိခိုက်ဆုံး,က,ရစ်လော်ခေါင်,ပဲ,။,,,,,,,,,,,,,,,,,,,,,,,,,,,,,,,,,,,,,,,,,,,,,,,,
ဒါပေမဲ့,နိုင်ငံ,ကူးလက်မှတ်,တွေ,လုပ်,ရင်,မဖြစ်မနေပြရမယ့်အချက်အလက်,တစ်ခု,အဖြစ်သတ်မှတ်လိုက်တယ်,။,,,,,,,,,,,,,,,,,,,,,,,,,,,,,,,,,,,,,,,,,,,
အမျိုးသားဒီမို,က,ရေ,စီအဖွဲ့,ချုပ်,NLD ,အစိုးရလက်ထက်,မှာတော့,၂၀၁၉,ခုနှစ်,နဲ့,၂၀၂၀,ခုနှစ်,၂,နှစ်,အတွင်း,ကျပ်,ဘီလျံ,"၃,၆၅၆",ရိုက်ထုတ်ဝေခဲ့တယ်,လို့,NUG ,ကပြောပါတယ်,။,,,,,,,,,,,,,,,,,,,,,,,,,,,,,
ကျားဖြန့်လုပ်ငန်းတွေ,က,ထိန်းသိမ်းထား,တဲ့,တရားမဝင်နိုင်ငံသားတွေ,ကို,မြန်မာနိုင်ငံ,မြဝတီ,က,နေ,ထိုင်း,နိုင်ငံ,၊,ထိုင်း,နိုင်ငံ,က,နေ,မှ,သက်ဆိုင်,ရာနိုင်ငံ,တွေ,ကို,လွှဲပြောင်းပေး,ဖို့,စီ,စဉ်နေတာဖြစ်ပါတယ်,။,,,,,,,,,,,,,,,,,,,,,,,,,,
၂၀၁၂,ခုနှစ်,မှာ,ဒီ,စီ,မံကိန်း,ကို,စက်မှုဝန်ကြီးဌာန,ဆီလွှဲပြောင်းခဲ့ပါတယ်,။,,,,,,,,,,,,,,,,,,,,,,,,,,,,,,,,,,,,,,,,,,,
ဒါ့,အပြင်,စစ်မှုထမ်းတာဝန်ထမ်းဆောင်,ပြီး,သူ,အား,လုံး,လည်း,အကျုံးဝင်,ပြီး,လိုအပ်,ပါ,ကထပ်,ပြီး,စစ်မှုထမ်းရမယ်,လို့,ဖော်ပြထားပါတယ်,။,,,,,,,,,,,,,,,,,,,,,,,,,,,,,,,,,,,
၂၀၂၁,စစ်အာဏာသိမ်းမှု,ကို,ဆန့်ကျင်,တဲ့,လှုပ်ရှားမှုတွေ,ကြောင့်,အင်းစိန်အကျဥ်းထောင်ထဲဖမ်းဆီးခံရသူ,တွေ,ထဲမှာ,မဝတ်ရည်အောင်,လည်း,ပါဝင်ခဲ့ပါတယ်,။,,,,,,,,,,,,,,,,,,,,,,,,,,,,,,,,,,,,,,,
သူ,တို့,ရဲ့,လုံခြုံရေး,နဲ့,ကျန်းမာရေးအခြေအနေ,အတွက်,အချိန်,ပြည့်,စောင့်ကြည့်တာ,ပါ,လို့,သူ,က,ပြောပါတယ်,။,,,,,,,,,,,,,,,,,,,,,,,,,,,,,,,,,,,,,
ကရင်ပြည်နယ်,၊,မြဝတီ,က,အွန်လိုင်းငွေလိမ်လုပ်ငန်း,တွေ,မှာ,ပါဝင်ပတ်သက်နေ,တဲ့,တရုတ်နိုင်ငံ,သား,အယောက်,၅၀၀,ကို,နှစ်ရက်,အတွင်းပြန်လည်လွှဲပြောင်းပေးခဲ့တယ်,လို့,စစ်,ကောင်စီ,ဘက်,က,ထုတ်ပြန်ပါတယ်,။,,,,,,,,,,,,,,,,,,,,,,,,,,,,,,
အဲဒီ,ထဲမှာ,၁၉၉၀,ပြည့်,နှစ်ရွေးကောက်ပွဲအ,ပြီး,မှာ,ဖြိုခွင်းခံရ,တဲ့,အမျိုးသားဒီမို,က,ရေစီအဖွဲ့ချုပ်,NLD ,ပါတီဝင်တွေ,၊,လူ့ဘောင်သစ်,ပါ,တီဝင်,တွေ,အ,ပါ,အဝင်ဒီမို,က,ရေ,စီ,လှုပ်ရှားမှု,မှာ,ပါဝင်,တဲ့,ပါတီ,တွေ,လည်း,ရောက်လာကြပါတယ်,။,,,,,,,,,,,,,,,,,,,
လေးနှစ်,တာကာလအတွင်းအစောပိုင်းအမှုတွေကြားနာချိန်,က,လွဲ,ပြီး,ရှေ့နေတွေ,နဲ့,တောင်တွေ့ခွင့်မရှိတော့,တဲ့,ဒေါ်အောင်ဆန်းစုကြည်ဟာ,၂၀၂၃,ခုနှစ်,ဇူလိုင်,လ,က,အဲဒီအချိန်,က,ဝန်ကြီးချုပ်ပရာရွတ်ချန်အိုချာဦးဆောင်,တဲ့,ထိုင်း,အစိုးရ,ရဲ့,နိုင်ငံခြားရေးဝန်ကြီးဒွန်ပရာမွတ်ဝီနိုင်း,နဲ့,သီးသန့်တွေ့ဆုံခွင့်,တစ်ကြိမ်,သာရခဲ့ပါတယ်,။,,,,,,,,,,,,,,,,,,,,,,,,,
ဒဏ်ရာရ,တဲ့,လူ,၃၀,ဝန်းကျင်,ထဲက,၈,ဦး,က,တော့,အသက်အန္တရာယ်စိုးရိမ်ရတဲ့အခြေအနေလို့,ဘီဘီ,စီ,သတင်းရင်း,မြစ်,က,ပြောပါတယ်,။,,,,,,,,,,,,,,,,,,,,,,,,,,,,,,,,,,,
တစ်ဖက်,မှာ,လည်း,ဂန့်ဂေါရွာခံအ,ပါ,အဝင်မြေပြင်အခြေအနေသိသူ,၃,ဦး,ထက်မနည်း,နဲ့,ဘီဘီစီ,က,ဆက်သွယ်မေးမြန်းခဲ့ပါတယ်,။,,,,,,,,,,,,,,,,,,,,,,,,,,,,,,,,,,,,,,,
TPS ,ဗီဇာရရှိထားရ,ရင်,နိုင်ငံ,ခြားထွက်,လို့,ရ,ပြီး,အလုပ်လုပ်ခွင့်ရတာမြန်,လို့,ဒီ,TPS ,ကိုယူကြသူတွေ,လည်း,ရှိပါတယ်,။,,,,,,,,,,,,,,,,,,,,,,,,,,,,,,,,,,,,,
စစ်တပ်,က,နှစ်,၃၀,နီး,ပါး,ထိန်းချုပ်ထားနိုင်,တဲ့,မာနယ်ပလော,က,ပွိုင့်,ဌာန,ချုပ်,ကို,ကေအန်ယူတပ်မဟာ,၇,နဲ့,ပူးပေါင်း,အဖွဲ့တွေ,က,ဒီဇင်ဘာ,၁၆,ရက်,မှာ,ပြန်လည်သိမ်းယူလိုက်ပါတယ်,။,,,,,,,,,,,,,,,,,,,,,,,,,,,
ဧပြီ,လ,ပထမ,အပတ်,မှာတော့,နေ့,အပူချိန်မြင့်တက်ရာ,က,နေအပူပြန်တက်,တဲ့,တိမ်,တွေ,ဖြစ်ပေါ်လာ,ပြီး,ရေခိုးရေငွေ့,ပါ,တဲ့,လေတွေ,နဲ့,တွေ့ဆုံ,တဲ့,အခါမိုးတိမ်တောင်တွေ,ဖြစ်လာပါတယ်,။,,,,,,,,,,,,,,,,,,,,,,,,,,,,,
မြန်မာ,မှာ,အာဏာသိမ်း,လို့,စစ်ခေါင်းဆောင်,ကို,တောက်လျှောက်ဝေဖန်ခဲ့,တဲ့,မလေးရှားဝန်ကြီးချုပ်ဟာအခုတော့စစ်ခေါင်းဆောင်,ကို,မျက်နှာချင်းဆိုင်တွေ့ဆုံစကားပြောလာခဲ့,ပါ,ပြီ,။,,,,,,,,,,,,,,,,,,,,,,,,,,,,,,,,,,,,,,,
ရိုဟင်ဂျာ,နဲ့,ချင်း,၊,ရခိုင်,အ,ပါ,အဝင်မလေးရှား,မှာ,အထောက်အထားမဲ့နေထိုင်နေ,တဲ့,သူသောင်း,နဲ့,ချီရှိတယ်,လို့,မလေးရှားအခြေစိုက်,ဒုက္ခသည်အရေးဆောင်ရွက်တဲ့,အဖွဲ့အစည်းတခု,က,တာဝန်ရှိသူ,တစ်ဦး,က,ဆိုပါတယ်,။,,,,,,,,,,,,,,,,,,,,,,,,,,,,,
သေဆုံးသူအများစု,ရဲ့,ရုပ်အလောင်း,တွေ,ကို,လည်း,မီးလောင်ပျက်စီးနေ,တဲ့,ထမင်းစားဆောင်တဝိုက်,က,ပဲ,ပြန်လည်တွေ့ရှိခဲ့ရပါတယ်,။,,,,,,,,,,,,,,,,,,,,,,,,,,,,,,,,,,,,,,,,
တိုင်းရင်းသားလက်နက်ကိုင်တပ်တွေအနေ,နဲ့,စစ်,ကောင်စီတပ်,ရဲ့,သွေးခွဲလုပ်ဆောင်လေ့ရှိတာ,ကို,နားလည်သဘောပေါက်ထား,ပြီး,ဖြစ်တယ်,လို့,သူ,က,ပြောပါတယ်,။,,,,,,,,,,,,,,,,,,,,,,,,,,,,,,,,,,,,,,
ကျောက်ဆည်,ကို,မရောက်ခင်,မှာ,ကျွန်တော်တို့,နေပြည်တော်,ကို,ဝင်ခဲ့ကြပါတယ်,။,,,,,,,,,,,,,,,,,,,,,,,,,,,,,,,,,,,,,,,,,,,,
သူ,တို့,နဲ့,ချိတ်ထား,တဲ့,သတင်းပေး,တွေ,ထဲမှာ,အောက်ခြေ,တပ်သား,တွေ,က,နေအကြီး,တန်း,အရာရှိ,တွေ,အထိ,ပါတယ်,လို့,သူ,က,ပြောပါတယ်,။,,,,,,,,,,,,,,,,,,,,,,,,,,,,,,
မြန်မာ,စစ်ခေါင်းဆောင်,ကို,ထိုင်း,နိုင်ငံ,မှာ,ကျင်းပ,တဲ့,ဘင်္ဂလားပင်လယ်အော်,စီးပွားရေး,နှင့်,နည်းပညာဆိုင်ရာဘက်စုံပူးပေါင်းဆောင်ရွက်ရေးအဖွဲ့အစည်း,BIMSTEC ,အစည်းအဝေး,ကို,ထိုင်း,အစိုးရ,က,ဖိတ်ခေါ်တာဟာဒီမို,က,ရေ,စီ,မူဝါဒ,တွေ,ကို,ချိုးဖောက်တာဖြစ်တယ်,လို့,လည်း,ဆန္ဒပြသူတွေက,ဆိုပါတယ်,။,,,,,,,,,,,,,,,,,,,,,,
ပဲခူး,တိုင်း,၊,ကျောက်ကြီးမြို့နယ်,၊,ကျွန်းကြီးရွာ,ကို,စစ်,တပ်,က,လေကြောင်း,က,နေကြဲ,တဲ့,ဗုံးဟာ,မင်္ဂလာဆောင်,ကျင်းပနေ,တဲ့,နေအိမ်ပေါ်ကျရောက်ပေါက်ကွဲခဲ့တာ,ကြောင့်,သ,တို့,သမီး,နဲ့,ကလေးငယ်အ,ပါ,အဝင်သေဆုံးသူ,၁၀,ဦး,အထိ,မြင့်တက်လာပါတယ်,။,,,,,,,,,,,,,,,,,,,,,
